-- phpMyAdmin SQL Dump
-- version 3.4.5
-- http://www.phpmyadmin.net
--
-- Machine: localhost
-- Genereertijd: 24 okt 2011 om 12:21
-- Serverversie: 5.5.16
-- PHP-Versie: 5.3.8

SET SQL_MODE="NO_AUTO_VALUE_ON_ZERO";
SET time_zone = "+00:00";


/*!40101 SET @OLD_CHARACTER_SET_CLIENT=@@CHARACTER_SET_CLIENT */;
/*!40101 SET @OLD_CHARACTER_SET_RESULTS=@@CHARACTER_SET_RESULTS */;
/*!40101 SET @OLD_COLLATION_CONNECTION=@@COLLATION_CONNECTION */;
/*!40101 SET NAMES utf8 */;

--
-- Database: `project`
--

-- --------------------------------------------------------

--
-- Tabelstructuur voor tabel `aanmelding`
--

CREATE TABLE IF NOT EXISTS `aanmelding` (
  `studentid` int(11) NOT NULL AUTO_INCREMENT,
  `evenementid` int(11) NOT NULL,
  `aanmeldingsdatum` date NOT NULL,
  PRIMARY KEY (`studentid`,`evenementid`),
  KEY `fk_Aanmelding_Evenement1` (`evenementid`),
  KEY `fk_Aanmelding_Student1` (`studentid`)
) ENGINE=InnoDB  DEFAULT CHARSET=utf8 AUTO_INCREMENT=9 ;

--
-- Gegevens worden uitgevoerd voor tabel `aanmelding`
--

INSERT INTO `aanmelding` (`studentid`, `evenementid`, `aanmeldingsdatum`) VALUES
(1, 1, '2011-02-01'),
(1, 5, '2011-12-12'),
(2, 1, '2011-02-04'),
(3, 2, '2011-04-05'),
(4, 2, '2011-04-05'),
(5, 3, '2011-04-15'),
(6, 3, '2011-04-10'),
(7, 3, '2011-04-11'),
(8, 4, '2011-06-09');

-- --------------------------------------------------------

--
-- Tabelstructuur voor tabel `bericht`
--

CREATE TABLE IF NOT EXISTS `bericht` (
  `berichtid` int(11) NOT NULL AUTO_INCREMENT,
  `van` int(11) NOT NULL,
  `onderwerp` varchar(255) NOT NULL,
  `bericht` text NOT NULL,
  `naar` int(11) DEFAULT NULL,
  `groepid` int(11) DEFAULT NULL,
  `datum` date NOT NULL,
  PRIMARY KEY (`berichtid`),
  KEY `fk_bericht_student1` (`van`),
  KEY `fk_bericht_student2` (`naar`),
  KEY `fk_bericht_groep1` (`groepid`)
) ENGINE=InnoDB  DEFAULT CHARSET=utf8 AUTO_INCREMENT=3 ;

--
-- Gegevens worden uitgevoerd voor tabel `bericht`
--

INSERT INTO `bericht` (`berichtid`, `van`, `onderwerp`, `bericht`, `naar`, `groepid`, `datum`) VALUES
(1, 2, 'Dit is een test', 'testje', NULL, 1, '2011-10-20'),
(2, 2, 'Test2', 'Testje 2', 1, NULL, '2011-10-20');

-- --------------------------------------------------------

--
-- Tabelstructuur voor tabel `categorie`
--

CREATE TABLE IF NOT EXISTS `categorie` (
  `categorieid` int(11) NOT NULL AUTO_INCREMENT,
  `naam` varchar(45) NOT NULL,
  PRIMARY KEY (`categorieid`)
) ENGINE=InnoDB  DEFAULT CHARSET=utf8 AUTO_INCREMENT=6 ;

--
-- Gegevens worden uitgevoerd voor tabel `categorie`
--

INSERT INTO `categorie` (`categorieid`, `naam`) VALUES
(1, 'Eten'),
(2, 'Sport'),
(3, 'Uithoudingsvermogen'),
(4, 'Film'),
(5, 'Gamen');

-- --------------------------------------------------------

--
-- Tabelstructuur voor tabel `evenement`
--

CREATE TABLE IF NOT EXISTS `evenement` (
  `evenementid` int(11) NOT NULL AUTO_INCREMENT,
  `categorieid` int(11) NOT NULL,
  `naam` varchar(45) NOT NULL,
  `omschrijving` varchar(150) NOT NULL,
  `begindatum` date NOT NULL,
  `einddatum` date DEFAULT NULL,
  `isaanmeldingverplicht` varchar(45) NOT NULL,
  `organiserendeverenigingid` int(11) NOT NULL,
  PRIMARY KEY (`evenementid`),
  KEY `fk_Evenement_Categorie1` (`categorieid`),
  KEY `fk_Evenement_Vereniging1` (`organiserendeverenigingid`)
) ENGINE=InnoDB  DEFAULT CHARSET=utf8 AUTO_INCREMENT=6 ;

--
-- Gegevens worden uitgevoerd voor tabel `evenement`
--

INSERT INTO `evenement` (`evenementid`, `categorieid`, `naam`, `omschrijving`, `begindatum`, `einddatum`, `isaanmeldingverplicht`, `organiserendeverenigingid`) VALUES
(1, 1, 'Koekhappen', 'Hier hap je koekjes', '2011-02-10', '2011-02-11', 'Ja', 1),
(2, 2, 'Rugby', 'Hier gaan we rugby spelen', '2011-04-06', '2011-04-07', 'Nee', 2),
(3, 3, 'LAN-party', 'Hier gaan we met elkaar gamen', '2011-04-16', '2011-04-17', 'Ja', 3),
(4, 4, 'Spek eten', 'Hier prop je je mond zo vol mogelijk met spekkies', '2011-04-01', '2011-04-02', 'Nee', 4),
(5, 5, 'sdf', 'sdf', '2012-01-01', '2012-01-02', 'Ja', 1);

-- --------------------------------------------------------

--
-- Tabelstructuur voor tabel `groep`
--

CREATE TABLE IF NOT EXISTS `groep` (
  `groepid` int(11) NOT NULL AUTO_INCREMENT,
  `naam` varchar(255) NOT NULL,
  `eigenaar` int(11) NOT NULL,
  PRIMARY KEY (`groepid`,`eigenaar`),
  KEY `fk_groep_student1` (`eigenaar`)
) ENGINE=InnoDB  DEFAULT CHARSET=utf8 AUTO_INCREMENT=2 ;

--
-- Gegevens worden uitgevoerd voor tabel `groep`
--

INSERT INTO `groep` (`groepid`, `naam`, `eigenaar`) VALUES
(1, 'LAN-Party', 1);

-- --------------------------------------------------------

--
-- Tabelstructuur voor tabel `groeplid`
--

CREATE TABLE IF NOT EXISTS `groeplid` (
  `groepid` int(11) NOT NULL,
  `studentid` int(11) NOT NULL,
  PRIMARY KEY (`groepid`,`studentid`),
  KEY `fk_groeplid_student1` (`studentid`),
  KEY `fk_groeplid_groep1` (`groepid`)
) ENGINE=InnoDB DEFAULT CHARSET=utf8;

--
-- Gegevens worden uitgevoerd voor tabel `groeplid`
--

INSERT INTO `groeplid` (`groepid`, `studentid`) VALUES
(1, 2),
(1, 3),
(1, 4);

-- --------------------------------------------------------

--
-- Tabelstructuur voor tabel `lidmaatschap`
--

CREATE TABLE IF NOT EXISTS `lidmaatschap` (
  `studentid` int(11) NOT NULL AUTO_INCREMENT,
  `verenigingid` int(11) NOT NULL,
  `datum` date NOT NULL,
  PRIMARY KEY (`studentid`,`verenigingid`),
  KEY `fk_Lidmaatschap_Vereniging` (`verenigingid`),
  KEY `fk_Lidmaatschap_Student1` (`studentid`)
) ENGINE=InnoDB  DEFAULT CHARSET=utf8 AUTO_INCREMENT=11 ;

--
-- Gegevens worden uitgevoerd voor tabel `lidmaatschap`
--

INSERT INTO `lidmaatschap` (`studentid`, `verenigingid`, `datum`) VALUES
(1, 1, '2010-11-19'),
(2, 1, '2011-01-01'),
(3, 1, '2010-12-12'),
(4, 2, '2011-01-03'),
(5, 3, '2011-07-12'),
(6, 3, '2011-04-23'),
(7, 4, '2010-09-10'),
(8, 4, '2011-08-03'),
(9, 4, '2011-09-19'),
(10, 4, '2011-04-18');

-- --------------------------------------------------------

--
-- Tabelstructuur voor tabel `profielbericht`
--

CREATE TABLE IF NOT EXISTS `profielbericht` (
  `profielberichtid` int(11) NOT NULL AUTO_INCREMENT,
  `datum` date NOT NULL,
  `onderwerp` varchar(45) NOT NULL,
  `inhoud` text NOT NULL,
  `studentid` int(11) NOT NULL,
  `afzender` int(11) NOT NULL,
  PRIMARY KEY (`profielberichtid`),
  KEY `fk_Profielbericht_Student1` (`studentid`),
  KEY `fk_profielbericht_student_afzender` (`afzender`)
) ENGINE=InnoDB  DEFAULT CHARSET=utf8 AUTO_INCREMENT=4 ;

--
-- Gegevens worden uitgevoerd voor tabel `profielbericht`
--

INSERT INTO `profielbericht` (`profielberichtid`, `datum`, `onderwerp`, `inhoud`, `studentid`, `afzender`) VALUES
(1, '2011-09-11', 'Test 1', 'dit is test 1', 1, 1),
(2, '2011-08-16', 'Test 2', 'Dit is test 2', 3, 1),
(3, '2011-09-18', 'Test 3', 'Dit is test 3', 4, 1);

-- --------------------------------------------------------

--
-- Tabelstructuur voor tabel `reactie`
--

CREATE TABLE IF NOT EXISTS `reactie` (
  `reactieid` int(11) NOT NULL AUTO_INCREMENT,
  `evenementid` int(11) NOT NULL,
  `afzender` varchar(45) NOT NULL,
  `inhoud` varchar(45) NOT NULL,
  `tijdstip` date NOT NULL,
  `afzender_id` int(11) DEFAULT NULL,
  PRIMARY KEY (`reactieid`),
  KEY `fk_Reactie_Evenement1` (`evenementid`),
  KEY `fk_reactie_student1` (`afzender_id`)
) ENGINE=InnoDB  DEFAULT CHARSET=utf8 AUTO_INCREMENT=7 ;

--
-- Gegevens worden uitgevoerd voor tabel `reactie`
--

INSERT INTO `reactie` (`reactieid`, `evenementid`, `afzender`, `inhoud`, `tijdstip`, `afzender_id`) VALUES
(1, 1, 'Alex Drees', 'We zullen zien hoe dit word.', '2011-09-29', 1),
(2, 1, 'Teun Vann', 'Jaaaaaaaaaah!! KOEK!!!!', '2011-09-29', 2),
(3, 2, 'Sjors Vroomen', 'Eindelijk een keer een awesum sport op een ev', '2011-09-29', 4),
(4, 3, 'Iris Krantz', 'Nice heb er zoveel zin in!', '2011-09-29', 5),
(5, 3, 'Mia Drees', 'De game avond was supper vet man!', '2011-09-29', 7),
(6, 4, 'Else Rademakers', 'Het spek eten was leuk!', '2011-09-29', 8);

-- --------------------------------------------------------

--
-- Tabelstructuur voor tabel `student`
--

CREATE TABLE IF NOT EXISTS `student` (
  `studentid` int(11) NOT NULL AUTO_INCREMENT,
  `studentnr` varchar(45) NOT NULL,
  `voornaam` varchar(45) NOT NULL,
  `achternaam` varchar(45) NOT NULL,
  `adres` varchar(45) NOT NULL,
  `postcode` varchar(45) NOT NULL,
  `woonplaats` varchar(45) NOT NULL,
  `geslacht` varchar(45) NOT NULL,
  `geboortedatum` date NOT NULL,
  `emailadres` varchar(45) NOT NULL,
  `profielfoto` text,
  PRIMARY KEY (`studentid`)
) ENGINE=InnoDB  DEFAULT CHARSET=utf8 AUTO_INCREMENT=13 ;

--
-- Gegevens worden uitgevoerd voor tabel `student`
--

INSERT INTO `student` (`studentid`, `studentnr`, `voornaam`, `achternaam`, `adres`, `postcode`, `woonplaats`, `geslacht`, `geboortedatum`, `emailadres`, `profielfoto`) VALUES
(1, 'S0000001', 'Alex', 'Drees', 'Ijsseldijk 119', '8196 KD', 'Welsum', 'Man', '1992-08-12', 'Alexdrees@hotmail.com', NULL),
(2, 'S0000002', 'Teun', 'Vann', 'Nieuwstraat', '5521 CD', 'Eersel', 'Man', '1990-07-26', 'Teunvann@hotmail.com', NULL),
(3, 'S0000003', 'Cornelis', 'Alberda', 'Stationsweg 162', '3143 LS', 'Maassluis', 'Man', '1991-10-10', 'Cornelis@hotmail.com', NULL),
(4, 'S0000004', 'Sjors', 'Vroomen', 'Loevestein 71', '1082 XL', 'Amsterdam', 'Man', '1993-02-27', 'Sjors_vroomen@hotmail.com', 'R0lGODlhZABkAPf/AA4OEn6GikZKSnZSRr7CxiouLp6mql5iXnpuZk46LpZyVl5KPp6GchIeIjY+QnZ6fq62ukpWWmZucoqWmjouJtri5ioeFrKmmoZ6cmJWUpqampaKhlZKPmpiXoZuYlpCLiIWEnpeSsrS1i42OqauskY+No5+eiImJlpWVm52eiomIoKChk5COmpKPjo2NqaWihIWGoaOkk5STmZqZqKGdn6Cfrq2tpaeou7y9m5WSjIuJqamqnp2ch4eIj5GSnJuarauqIp+d4J2bopeSjImHkZOUsLKzp6qsGJmZ5Z2ZD5CPn56do6SjlZSTm5qZtLa3pqOhg4SGIqGhn5aRi4yMH5uZmZSRhoeIXZ+gra+wlJWV5KWmkIuJubq7oJ+gmJGODY2LqaytlZeYiYqMlZCLqqekrayrpaSjlpmanZyblY+LmZKPjpCRrK6vmZydoJ+empeVpqipnJmYoJybiYWDkJGSJ5+ai4qI2pSRkY2KnJeVopmU5Z6ZpKSjhoiKIKGibKKVqJ6SnZmWvb6/rq+wlpORhoWEqKOguLm7qKemlJOTtLW3srO1tre5paCeoqCejY6Pl5GOm5yblJGOop2anJSPo6aoraqompmYlZaXp6Kep6SjoaKjq6il3pWQr7Gyk4+Mk5aXjoyJiYiGmZaUh4aFkpGNm5aTjYqIsbO0kYyKpqeokZCLiIqLqaakr66tpaipzYyJiYaFkY6MmpOQhIaHopiTpKanubu8mZOQp6Cbjo6NkpKRnp6dl5CNi4mGoaCflpSRqqyroZyaaKmqjo+QLK2uWpub97i6mZWTs7S2jI2OHJ2eIqOkCIeHrquqoZ2ckpOTqKqrtba4hISFoJaSHp+gFpeX25mZqKKfj4yKnJaShIOEl5iZk5WWo6Wmqqusk5SVmZqbn6Chj5CRo6SlnJqZi4yNlZCNrqyrl5manpyboZ+epp6ZpKSlnpmWm5ydsLGylI+MlpSTqqytkZKTiouMp6mrnpual5KQioeGoZ6diImKu7y+np2dgAAACH/C05FVFNDQVBFMi4wAwEAAAAh+QQFFAD/ACwAAAAAZABkAAAI/wDpEFFFgQiqgwcpHDSIiohBhgsjIjyoqmICVRcratxYMU8ejhw9fgRZkUsekycpmES5kQtBjVws6MvzRZ7NBPIS6NzJsydOm0Bz2owUVJ4vdEQjfYmktOmXp5FatFjz9ItUqVGvap1aaWtXrVHXbG1BhgsqdFeb+vrgi+kHNWrIyCNDRg1Tpk8XrNG7hlbNEi9V5UkAClSJSegmKfb1NNcCWpUqDdg2ZYqnap4sZ67MmfPmzZ47i65cSQ0qeWoZG4XLGm7d1mrafmG8NwEVfn6uXIlSqwEM3Q10XznhJ/eJE63GFJglr1CuAZ7wQPdEvVI165UuZ7esmXrm79ypW/+uNKWFKlSgnjJWv9bX2g+v48JX86FqPnmglvlp4Js/fxgAAlhLgATC0JuBV7QCBgsteOegd5V5Ql6E3U2x3YPeVVNNC3mctoZSqrH1BVu+vEbGB/XV594XhSQARiv+XZGbcFfAEEVwvsHg2xW+9cYfjwaqQAEo6KyBhychVAieeN81iWGG5Z2H2mxUMqYiirDBJeIXJRQA5IwzCqfjgTHy2GMDtfQAXC21XOHMKLGgE0wO3l1o53fZPVlnlB5WSeWIs71V16AiRpKAl8LllltvPfjon38+6shfmkD+2GZxo7RSwgIDREgeZhMuGaGGIWhYTWVDmNdnVVa61x6WWo7/6EsJOshYHJq45tobm7vi6uiYj/LnR69tngBGPtNhGF6GGg5harOV5EGBPEtVa9VT9Y1Il3wikgEJPzwOK6l/1OBabrC+jhspmuM+qpsKoOSyDXSacTcFZvc+++wUtqyhChfytPDniJG4mmKsjPkiTytX1FKcj73+OGnDweloZn9kFtgfrjy6SUUJhVixDXj3XpZvNUOE4KypQ/irylRVzaYUoO4JypaKqoC7X3HD8tgmrjre2MC5GP/8c4EwUEMNxb7+yA8FquSTQ76ZkZqyqaUOwa95qlg181LZAspWrGuoAQrDPDtKbANCo9lrpZNOCmC5AfYn6YD/+XiFC59O/6H1syuT6vcaHlkl8HpSyWoliq7KowPPw8a9635G++wzm37o+Buw7Roo8W+5xn1FAnhUY8vfK99778qpfhQWHoenGKirgMqjCuR+9DBpo7s3DTHboX/+X968Aus2mQ2MAkqn+mrot+oqE57HB3gsADOrAovNmKEqNLDo7waO6aiw/ul+4OUON6A7unGPeTmwJyxwauCm+t3sEJVc5Ast/FP1teI1y0UkCpA2jG1Mfd47UA+KA6ze4G4MC+QZBHO3HxjkRmJsM576SoAylA3BWadz1gedhQc1dI1/tICdeqqSIsaogQK44dnuJrczyKEpd96LoR/GwEN+8PCH58CND//HALkFIhBHbuNPCXIwhD2cLoQjtIUHS3PCFsAuF1+gSswSxiXiZE5GERMW7h42rOL8EIJE9OE5WuGAIvhgDPwYARzHiEOH7QdHvaFADvbwQQ92cITOOoUJfQE7PKwhF9Wz1uzk4QJFKeqGu6NjGXcIRx6OgA3kcIAYvnGMcPzBCLAIRzcCIIFijMEBRJxk08akO37MYw/V4GMs+TgEW7zDiXvwhAmtggf+TSUXWgTRiBKgQz/cKFK40x3kHMjDTHRDDAEgwT0CQABcTCMOixgEItqQBWRcUwITeEAEMuEAyHkOUm1SBR72AEt22oKd8GRnCEzYAhTSApjAXE/CfJH/gCL2qIYyxB2biEgOSyhjGouYBiKUcQRkNAIZbUDEIJDxjRt0YRCNyEIjFnEDQliiCKps0/hKQYEE6AGX8YSnAqawy3rWMxfAtMIKZVWCZQJUksWJ4A7FgYx+MKINBOhHIz7x0EYQABGI+MQ9CNGPLiCDEUZQxgQIMY0bFCGVEIOY0npQCHi+o4kp3cYHutbLe7YgH33ZS5XkMQtb7UdGOsWd927Fwx5AIgbKMAI4OHEPXBBgHLBQxk8XwQgCNAIRyEAGAR5wA2XcIwuM+Gk3xjA+3plrDHt8pzvZWQUFhMAXqvDFAHx5RSxqcTYKG4OMLOjPnM71gWyIAQGyQIJp/xgBsm2Iww1isIguFFawBPgEAcJgiQdM4BuEQAYipgELMYxhY7w5EIAaAIckeICdSaBEErbbDlug42XV4F8h7wnMBWBLYfaQ0WtxOkYx0GMajFBGF3wKgVVMgLCWYEQXRECANnDTv4tARhZucA9lLJTADyin7u6Woyj0IAPbTUI77CBhCdthD5HgglRoMYB69o+8K5THMtwa0Ana8FZ+qIcXwtCIpiKDBPFgBAQakQqjxsASELhHGAgwjZ5yMwsxyAIBYHEPRtygnOpTIN4A1IIIt0PC7YiyHfSQDw1Xghb1zEAKD9kXa+UDEm4lsVwliYZGNEIZyNhCFvqBCALcAP8Z0hBDN+JgBIQuAheDUEYWuPlQQkCWEA94rtpqEYUowAAE84iyohdth3dUuQWj5V8yfolWtVarBDrD6XqL6IcJIIIYf4AAZBfRDwKQwJpZyMI0nFrYafRDsG0gRCMYEQMsxCCq3Whajmzkhxxwd9EW3kMhKLCGahTSw+Q9ZFXwUAz2SrIBPRQDmh8Qjr4ioreMoIdhuyBRCIhyAq6etZvjkIUHZEIMYsCCBCjXA0MHKApX8DWUpfxkOwiiEOC1IqQzgOy9zCwfLtANuFg71/V6j7V+cAAJfDqBVZAaEVDFgg8ckAJCdIEAzpVAFhDRDyNIIAbTjAEhlAHoug6r0O//pgYIMmAHCttByi2ngQf81YLwotCK9qxnJPKB6Svww4fOfiBPhboIZeSYvzEo5w69kQI2+AEN0rjBN+LBCQdoUgwPoAcnLHEPH9goUkGjBgAeTIOXt/zsdmDAMPCQBzyEoMN4SEaH7cnlBQRxhxTkmTKVacbMNQASlpjvNOghcW+sYhUO2JWhr0CNZUgADSOIwA3EwLMRpADy4jgC5W9ko3cDYGl4oIEuzp6Nlpd+DjR/+wAGkIMBJAOFpU2Aan/+84COWYZjSAEBlPENbxTDAWzoRgR2XQsA2Gi1MPBBCnzAs3O8cQwPIAEWRsAbtg3IRlGgRg+qQANH2IEGDNCF//db7gE8vCwEp5jC6vWwetICs+e0tyN7eZhwSBTBCzfAwrm7gQQHjAASIxBHAmBK9mAP4HIFPhAO9tADAEI5fhAAQHYOhjYgUWBMtcANAMAPHgB+4McADCB6drAJlGAenNIpA8ABCSA1vHRPawB/xEFECLcfceUA5OADEfAA8CABARADtYYF6pYCAYAFKfAAzfAA4iABxyABRVAEEtANPmAPZmR9H0cOk8IbnQcDAMANOkAJHyh+uuCBDNAOh0AJeIAKkRAC88J2+qAKueALYoEHVpALNdUDtDdHuFOBUcAP9vcAWOAFXtCHf+AO3/AHXrACAbCDu/UHnMCH5cAJ5f+wAg+QAk0oABNXBJBQHJDgAIW2a9MVBQAQBTowDB1IA6LnCDSQDdkwgkSADngAO6ZQEBSgMJEgXvmQAAJHSXFFRudQBN4AD1jwDRNQiH8QA1vgDn/wAIeIBQFgjF7wAHy4BZxgazHwABKADeKABN2gDplQD+dAf77hbtFVaNzAD9znhV8IfmJIhoYwCguQARwgCtoQC9oQFYTkS6ogI5VkezsECd4gAX74De5QDnFgCZwQiN/wDZwwDuPQjM2YAlhgDccwDuUQAMj4DVgAD/BgDcCwAuPwAGIQDt6ABiCVfYYWXTCAgRqYDR/IAKaYdnaQii1gAaKwBlbAAWAQC3f/8DI5UEhWQAu2SEnPlVMURA7wUA73sAr3EAfuIIiDWA61xoOKGI1D6A/+kIQxEIQ7GAN/YA1e4JTlMIhHCA8eeQ4NwA1RYJbu9nk9gA9gqAul6IHZMAd44AKFEAKeYAWsYA93wIqtmA8phAe5EIBEBG0RRA6iJAFbsAOrsAPSdAPuEAPN4AV/QIic0AyccIjOSJHHgA0SMA6+GITjwIPlsAWkqQFbAIkP0A2ZkAlXlTRneZZi1wMdYIqk6IHgZwdjuAY6gA4ZUDasMBBWlAORoAqxoTAukEpD5HyyRQKrsAWWsAokkAXgQAzNCZkrgAUPUJkrcJ1G+ADMAA/ikAId/4kFBUme5dAM5fCVMZCe0eiM2AkPKNBu3GCWGAgDa2CKXgiGDJANw2AFzqADpmAKrMACjJEDtLAGa2A7/6IPzsAPJ1ALP+QAK0AARkBczbAF9wAO90APR3B4q/AN04gF52kNfQgPx9CMSQgPQzgOf4CdK9AMf9CI1iAF5WAJjdiICumI3TACQwMAnwcDLGAHmrCS4gd+qYgHvwAG2sAKosACCxAJrVgkGVYQMnECuOE9DoAGdGYMcfCVWwAOWXAPN9CIMeAOqwALARCjLboEkeiLkigBEuCLfPiHKzCME2kNo7kKcQCi5YCdAWCj8ABmZ/l5LkAJqOgI57iSI4gKGP9BAaIACpGADp0yFfKACiAAAg0aOcXBBgHQBvGQY1sQBztwlFvgBSiQAXPgAfCADeywAjEglXw4hNQoDscgDv6AnZJoaxMAmQ33DaF6C99QDl4QAKG6W/AwAkmDgXeAAB94qCA4hlaAChRgAUQgDy80LS0gDwoBAtQwjguIJj0wBuoADpHVBvSwAzsQB4dHDDegCPJwSxlAAblQBW+wiEOIBQrZkeIgDt0gDioqAUf4B6QZA76alOq6BY9IjNJwD+XwB5ngB2IHAH4wm5qgCafoCBarCZSwBoyaBx9iASALsvogE9zaoHB0BT3QA2zwB7tXWG0AAbp1AzuQBYSwAoX/MACAMAcsgBYe8KrjEACX+QcTgAXigAbXoJr9egwqig1ysA5pAA88EJo3oAGVKZBiirAPcA4nOXakULGagIqnqAnQSgQlgAf5AwKGYBAWAALUSgTO0AOtELdlyQ8oQAKCVa7GcLUacATxQAhLMACB0A5DEAiB4AkmQJ3OeQNx0KXjUKvqcADXcA3hkAlNICSzoA3akAHwUIhb8KrpaQk30LkPwAtXkIXOAAeOkA1eW7HZAK2/kACtRwGX6hK/8AtEYAEUoAI/dwJXgIGtIA5tEFmR1V/gEAek+Q0QkG29AAeBAAiAEAhqkAEQYAzSsAPgAA7StAWgOQ7i4AKiYAV4/8AFUEMBWsAExNC5pBmQMZqejZgJvUsNzqAHh3AI2ZC6qiu2lJAL/+ki0moWKgACowACdPALBUBA/OCaLgAMFApVUEUAGrqnxAgOBGAGG4AAdhAIITALddtf3NRfEEAMlnBcMTAPadsCU7AUwfAD0kAAxkACwIqeltkM47ACAYkEJ+CjVwAHG/C1Yfu1hwANGaA01PAbqKANRKByPVAKznAFBeBFpUsNI/ANRsDAU8zB4LAFUmcJ0mAGbQAOBnAGGrAC1nADBMDB1HsP7HoLq9AMLlAKo6AGlfAO+MAJntoGwrC4W2CZnOAOCSmR5YAJOtCtVyAH8+u1qCi2JpABMP9gCIbADVdABKMAA6VQCrIgC6NQClcaIFcQDcQQWZ9ACMM7W/QgDXGwoTtgCcTgqZEFAbegxf4FAaQMC7AwpuUwDkXQBMeQBm+gAa9QrtOJxRqwCo3Yntawx91wB2KnApQwv/Q7v6f4AhiQDCCgD0RwqaUAv7/wJrXrB8RRN/xQBzcQyqmQV35GvdJAAtKkWzsgDOZKAux6A7BgDHvWmK8aACmQAt/gqUZAoaZ2D9JgALSMkH/QC8zwADXwot1wwwAACY7wAsz80C9gAslgCGubhY18BQrxC6ygAgwEIMb3zZzwCQzMwGVszqW8AwYAultgAMRwD/dwC7dAAp46W8T/AAs82JExsArGUMY5RgJH4NLOCaLreYyS8ADWYA0PEA2l2wNw8AJOfQhO/dQvEAQZgIFiZwjcakGjMAoCihtJozQw8M0sC1XKIAKMkApGYASE0MLEsLCLi5SLSwIA7c8EEMpHwINXKZDGMMou7dLEcASLO6YrcJk4OA4kag11cGiQIARR3dhRnchiBwLcgNWGkIXUUAqsYAq82wDGh4/LgARZYNbBlQpl3F9HQAzEgNLVawALSwzTmaH0EF+pEF+EgJCKi85HcARRdw9HYAA/TQxxMAEwCgwP4AXj8AYvmgaXyAIm4NiO3QlUDQCGIAtiN5/SLXajQAERVCM70gpa/0APeVXGe+ZfbfAMwI3aECAM0rAKNwABbXAPEEByRwAB9CBkBGAJICdqEHAEPn0PFTXLW3ALWzCIfwCJClmnK/ADKDADUlAGZeDcjU3Vk13Z1w0AICALhhAF63jA2fd5EisAEwBV5goBGgoObUC9W0AM6c2uPEgPORbbMYAG3TCEhzgON0AC9PCyJE4CUXcDE8Ce7EnYvXDUYhwEG/ACnfACD67kju0KZWACpEANWP15aKtyv5A0aUsBsVAKbpIgLhANK0AI/SVN6YmhocrScdAMr9oMN2AABkACYUACEmB1RcAGqFQEWIBjJM7bN0BgA96IiljLQ5gGRj0OkckJZf/QCQ6+6K7wAk6+6GUgBXBAB87gDGzrDLJg4Q5xaBSwAB2QDx0wB2kgDiggAw8ADmptDNRpCZ17Y/QwnTAdACsAohMAAWK+CmLgAPXgAD4XAcjbBui8W+u5BRMAmhQp41owA2JZA4b+CFKg5J0Q7ZBeBo+e6FLQDXRgAZasENINAipABDpAAWqgB4/gCBrQCa4gBdeQASnwWITgXySwA+udnhIMywMZuixNs5AFDuQ0BiMwDhBQ127Gg1iwAhPZhykgDm7QDeFQBBHQDTOABNkZADzQ3NIe7You7Q4e7VLQAXQwCg4xC3nAtr8wCqjAAjkgx+vwCBuwAa7QDOBpDav/EGt+pqEtfQN8RQD0sAXsLdQCmWpTnGBjIAF1LVwEwLClnJRbwL3dcAAHIAYykAlaoAX9ygxewA5ygA+bgPEXcAEYj/EbvwF64Ac6QASi8JsCQQGOig7vsA8YgA9zQAkYsAGcUKejmcp7ZgbSANwubQyE4NJd2gxpCoy2XtdxwAZsYFD73Ab4HQMTsKvGBaJIIGfXMAPioOxuYA1/MA69gA/rsAHR7vWd0PWJ/vXPsAHvgAqmkAeToAYW8AuxIAqikAcLQAom8AgY4AiP8AZ/0AzN0AerQJ33cOIfjMb+LA3vjbB4fePXK6ZHYAn9SgJlzAifAA74DbRBWPDloIQR/4AGcKoO6iAJzNALx9ABpCAHjhD6Xe/1ov/1qB8LLIAaLGAQSjAK+jCPerAOGGACjgAQUmJouLHlxr0jcW7dM0aIEARjEIgZIAbu3g1OAWJsvBFnY4AA8FIcvEeiTUlYE2BZKtfyTzdykOpk6iYO3pIH4g4oUpQDWqdOFy50uhTUqNALL+ScKxRpjak8rFjlyYOukBUP+x45wqDBgIEjJKSRIFZulTEjjAjRI3ajXAxY0u5N2LLl2zdYsMqNGyeBZowtsErGsbQiwLgHKbDEGCcuU6Zr3TAduwnvgJZ6ijLMeQH00tCin4UC3SRnWSE8uSaZamFlja8vkfAgEPLoUf+QHWMh0AtLIiwx4PekSbMUZ4vCct8sxXj7NkDOcD7CPQhA19IqS1vKZXz+AMufcWncSIIHT9wMLU3CadGCQs6moUM9z+/0rHSeNSFyZKi0X97/L9bI6hF2zpDGmCwSzKKNLMAxIAZOxuHkmy2IiaOgZv7gZAUIvTBPHXG6UQeeBySw6QESOXHnMCzGSQEJNODhpBxrHhjHmhlkKMYUGWTQIgNsNpjvM6KMIqo0FwoJAQ88rMghEn1QacoKBOYwQYpLbGiDEAbbaMMi5FZg5hgvOKHrFsasWeGPFfw5Jo0HHliBky0mGAcedTIJpwhxjgGxG0DN00KdB75hIoVrMlH/AhIeo2kiAzkcuaCoZ4gC7bNLLnFHjlg4GKBJPFpgxRkK8slnDT2E2IAYQrJwiEsIwNkhjh1WaYavAI4RAx42VyjPnwe8WKEc7YjdgrkYDoOnm3DCyUSRx8Kpp5sHmJlBHDnhkYGcOqR7TIAMOnCEqEzLre+SZ9AtLZZJcrCiyQVEUUEVUwtJtQwbCCHgEwIckui4Vba4paVx0DgA0GtQyASFbmZw44EJ64rjG042ykiKZZ+tpx4fZIBMnHGe60aGIsLhpQ5eHrtmngze+alcmC/ZodzSRGGhyasiEYUCeUzNJwMvzNDXCGUIcBUCuezSQKGMrDlmhoSbiKaOOsLp/1EMccQphxiWAFshzmOu8SacaKLxQZFujnGiGyS0IKeAc8gRQOFMZpCjAzjgwOYQomaWOeZnzpDDZjxMXWOBBPL4YgFTf1hlwbSMeNWYewxYxZ3jbmHCHU6cdmKGAzKZmg0lilGCjXAk4WRDvtzQUwtFohFAAGcF8BGFYs5RghwlllGiDi1mmAEJcX7ARo5jTCA35r/tG5yFXNbIJ3o1YDM1gw3yJSCeeD7hkq04VlnlFrs62sKdcv74w7zQZVBEAB94UcL2RJ/tdplzICmGHHJGUGLRcyxDgAUYQzF84APbNaEb2BieHMxxt5fBzG+XAELg5KANDuQgF/lgweK+cP+qQuDjEv0yghG49xBpGOcWKyxHM5ignGL9ISfnQUGi1NOE2Angd8VYhj0K0Ao/FECIYzhBKwpwgh5QYRmQsIcSEAitA8yAbZL4QRXxsQ4h/e0Cz5hUpoBQmhKcYg96eAceXrOAQhQCDmewwb5K+IlPtGEH2aFQC5shBSwMC33bqYE/JGGtg7VHBlarAzlO5gJ7uKAA/GgFFcbAyDEIEW5KiAbHOqang6UtDVU8nhwiiC5QZuoZGpBDCXLwjlNa4QuxMRU2wEGAfZ0QHEcYGCfY5IVe1OAB/kiDNcbRjPTpMgUlQhgKtLCwqfGCDaTrHRUKQAV7CHAE/isdJbXgIy3/XOMADLMbZTaZBnzMIYvPeIYZzPCMHTzDBqWZRTKGIAg9WAE2kfjZGxCkr3jYgB47GBgw3zKncfQCHpJAwgx6EYCMYKFEwhNDoq4hyLIJQHY+YOYSe+c7lBWSZAfokQzEAKhuROYHafCHF0xgJaKYs5zPSEc6bEBKUXDACsmwQi584Qt6wkEDDHJVG6QBDrLwsy3ku6MUZOiPKcKjF9aAxzGQ0A0UHOAaU72m1ZwlOtv5oB6lgwQbeGE7H3nDY2RTRBF8FBm2IcGTjggCNDZxiXMag6XpMIMNViEOdlnBVJH4gi8WYIV1AGEtYwEHPbTkJfAZwC4TaMaGVpCCNIRI/xyS8Ac8kHCAj6ojdOx5DGQyIVEZlK1boJBBHQYpAxRIC4F1MF23ZHAwbBwDG2lYggm84I5OmKGldD2nXY+hA5/lIxL0NJU/2kAAepDgHsQ4br+MMRZiiC9gfSAWLAS2nT88BwnqKGj9FiYDbyQKCSiIxmlP6w0t0O6aVNuFRU23vzrUsBtu+MEx5MAOE2zgEnQt5znruorfymODwl1cLnJggjbEg0sMguWCjNEGpMUhDsAxAD1gCYHKXWgC5QgJoNATgWtALRNiCGT7OjtVq56MF+QorXTCoTCOtucA4qgsPvxhDROUob/+dWkijhELFtBiwMTNwD60B0tYOmRBEP8WCz3osaV9teEIBrjHPS4Ei4KMQ4raVMeWQ9wwNyBhqgdQR2QkAA83MIMZaYAHM6o1puKVxwnHeJocJGENdgDDBK5Alzn961tRTEKvwiUuKaQAgX5tKUFG09davKSvVDBiQSm8BWMptIXlxkHLIuKu8Bo2WWZg46PikAASrKGRlsTAGpLAVnJucIsV8IAHzKhB5+AxA3jUwAte0C89/Kvbl/6YBYNewAfzAYdmHLdLsWIwvwiQlkgb4UsQIME3JvCNAGABJAchwQ1S0I2Psk3cuL4WGh6ABAkEwNobiQEWJCCGcMy3Om55gDW8AAwmrC4NSDjGHHigX97+2cc2W8P/kE0lBw0QQtpAPQI4ILCltChjEYsoGpeAM4HqZLtFWPjGDZQTADRo4dNRvFafaP0ANATgBlhud7abKoEFbpcTt8gQhFy4nVt34wf6VWlv7YoNIOOhED47BRxMwNx80kMaO4BA0+PBCIkrYxqpIACGPR4ykMBDAhLQdrIQmoKxiQMNSMAGEpoapxp0QwIk2cJzkmUjhWIhBeOQ8F02vLoWWmNtcthABX+tTgCLAhR7XUAOsGECSzzDGMZQunDuwfRPMGIRjRBBFoixm3vsRdsgQUzICgKSbIshE8d8DBKYkYIXqSPdysX4A2JgicOU4xZ5UY5yb3CQxq7pDXfC9Sbi/1rOlgI6yHyNRDLkYCBwEGMHGljFDmbFXKJRPAsGafoNOP+cw4BkAjfA+NzHIYYilCwCMkBDCpbVDXOjJFkTuIhG2E+PMMDiG9LIQnJJEIc/WIs8x8BEGjQAhLj6s8BjgaHLhwUwPk4QBmOYCOebiDi4hzaAuicQgbUIgzBILtibAIzTPrqYCxdJt26oAwEoggjwhrTSuhT4hjYwhjiwrjA4gm94vXI4iOe6h2drA3rIAmHwAkkAlDkTgzmoj96CAHWyqx8AA16YB5+ZB2yQAgMYDmmwHOnaAWMggFRQBmXglywgAWo7gotIierowCpDDHgoB3VYBnIwK5o4AAlIAf9mgIcJIIB7sARiuIemw7JV+IZysISEmIAsYASj2Q1OGJ5roLNuWIfOuAAbsAG5+q9jWIZogAOaKoR5kIMV2IJEuJBmaIZiKYe4yAICEIEsPIIjSJAqqzLmkD9LKAkPTIEAiIAxOAc28IEIeIyaOLMYIACfigMISJAtmBFL6LgJCJEbIIEseMEbaIZjCJ0O6IYOqAIT2AcT2AT+cikNeMQiIIV54Il5oBY6sYsYaAaL+YOOs0MCYARGSK4EiZUwuIcAsAT5+wYIIIQ5NL9usAc/GANyYANuKYKPQoOaIAYjoIc4iMB42AGMWIXweYB4CwBYMAlYYA5/SC2GwYR3ICP/OUCpcrKBRMAGbeCFDOAJRZgHFLizFmI3TmgswBAMaTgCAigaUKSHpiOBwriOYPSNCcgJdRgBP8jHEViGEYCEA7IkNngAhAwM57Iy5foGE4mBC7HDX/yGB0ABqUGBDsAHD6iCJYCGktovG4iDY9CGOpiHQlCEspyHa0gDToxBdouBb4gDuSABudzCC1wJqdw6dUMMd8uECIgAH+hJP5gmB3CAWTwgcqCoTCCRu4yBh1MwCIiBxLyFb2CIe+AcTri1zyLJH5iDfZiDIPAHcXAFdbpGIBPJqVEEFDiGYWG3cUiW1yuJsLiHlMCLu8i2raMOuXMDQClBHyAHB9hH6fAB/7MpAr4MB2/IGq4TAweQAMbslyMIgG7ghLZ4uHuoGCwIB7mJBhTABDlIgznwhyXggWM4g3R4BbBcBl6wAkoUgCZoAhRAgjdgjoxYnY0IjFO8h2NxS687DHFoEQmgjmxTB/TLBODsywgIhwgQA9ETg/9MjG/LhK1rzY/4A2loLmK4k8vkSSpgAVLAB2bohfCUNWxoBi0BMDCIhgyYh3nAoWAoxHF4i42AUWJ5wDpciQDYguXgjueYu80DCQkAyG7gyxJErwgIUjTIBHNDDBTxDixoUvNow3IggbSAAE5AA3EIgBkgh2KIhkz4gV7AgAfoBa4ck3KApR1IAxUoBqrZHas1FYADOIY4idM4DZkVkILDGIdd+xo0Mw80QIOta0OtAxQ98cs6qIc6EC2O8Ucx6FMG/dOtC1ISjDczkYBwqIMiQAGUKa9ucIIOmAG9wYRO7QZ4aD4muIYrGAMwkCQhcgFIOK3UerFBUhnvKplmCb8i4JjDjIA0PKADIsxpGgEXOIdpsocREFYH4NVEPczoOKBijaZ4qwMhUqICEIWumh2quVZu4QVFmKwQDAgAIfkEBQoA/wAsAAAAAGQAZAAACP8A/wkcSLCgwYMIB6pKyLCgqodcBObJw4UCxTwQ/z3cqKqiQC4LG4oc+U9eQpMDF/yLtJLkmjUIK/1r0ZAmSZFk1Hwg+GXglxY9YQ4UNRCUQFC8DEbqmXDKvykhmg6s9s9TwiE3D35AKdJeK4ENYCTsceKKwK8HBwxg6JSgp0pOnVq1OnCKzKwMfeH9F2WgWIZm2T4dCPffXbpV5179R2Gvmn9k/n1g+k8NlYM9epT6V4tgA4OfOYfePDCSTE+e4hZsW5Xk3Tx7B+ZkavRgZ4E9PNsODcNP6NAn/pkivNpw69SIDar+FzH2zoKhCeZO+Ldg9X+ha12JXoDVlxxRByr/9hQieUK6sG9GFri+sm6D1xveHnh7/kA/olgipKu6LdWCQuH1nEDyOODHPwdiB91A0SXUWXx+3ZfZHf/Qcso2rbUWQjVOhXdQNUPcFZtAPQUnkH0JUWNbYAah+NdtJxQAijz51FUXax4KBNWIPt0n0IE9NDhQXwqK1JmLt0FY1D+n2DgFVv9ASRCIIu7liy8JIDiSkgiJFdh1MEQXGIri/VNNNTkS9GSaNz02UAECmTVdhPYRmdBneIZ5XYP21WKfm2cOJOV/Tv3HY0NCxvYbWGH+w+I/eh542xWm5GCooBwKxKEttIR0KEIN4Blhgg35cSR1oOnJ2S+aXlroVJ+C/8ZgQ3MixI9AYxh0RW4NkHqnpgRJCWU1tlQZKwxcIpRbrT3kquU/Y4xR603TMmRLrHsFmVC09kDLRjg//nMOtI/udSlBtqyFLVg+HgQkrgSxMcI/5UjwzwoCFfFPDP/Mi9cJySS0B0FsYouikM568083DOHyTxv/LHLDA/mKURCZf9XYkALrRpeoQQc6MEHEIm2xSj8CkYCMMpbgxRVCe4Qw4IgeX0xQgrcy1EhBcfzjcBf/MMKQktz8o4hIbuIVWA8H+soQPw2ScJAyDI28VwMqqGtQEgPzWG5BThdUjkDgCASxQD0P9InQ/xBAkCUTuH0Qson20EGU/ySRN0Hv6P8Xmx/ViiR1QRCPTdAihPyTheIC7fwPLARB3uVAXxc0hF7rPuvuQIP/gwhDnQ9kxD9lB93yzQfqKVaymXPmm0A5i6TOQI3cMJIyKBfkuEABgBYWDFE0kIHeCRVCc2ydffPPPQRNgwPpAhFy9jQCLRL0P4kP9MDIjGQSOKRXZND6QLHfdOAYDP+TgjfEFATBQED/Ewoap09jBCOn/2NxJr0POes/02lHQewQq7D9ClrQ+8cWBuIwuQ3kc6EYCDL+EY+BxKB3jFgcfSBFEBgAIDcCXJdKCvK9ze3uIKGSnwSK4Kx/2E55BAHHBAwXHSKJBQADPIgHBNKCcxWkBTTJBxj/rsCP2EWnaU7zg53I9oA6DKQY5QKAA9DAMH3NjiBXbAg3cJiDf9hBFwJxhEAIWBA4EAQP/1CXUEoQLoOUUCzzGt0EwsGGfxRDHfoiCDWIBDUA1ONEBsHCPx4wLqL9Qw5e/IcYB7KJfwxDICMsCB5sQpBcOSszJERICwUiBi2gYSAOQOA/QjmrYihsUQ2aVwr5IhCxqIAhh5DIF1gzkCYVJEuww02D/BC2IkSwIP3THkMecA0BbFIgDPMBQ/oyB5E05h9dLIgaNEa+Nh4TUmIZg7/wRZAYjG0cwQTmvv5hDUH+4xpJqWMoaxFKJd2GG3egBELswACBoCKNBYlI0sTn/6kxJCg0zQrTZ3yQCTf8Y4YEUV4wKdaMgaSgIFt46A+QIA6BXOM9BAneQK45kFgSZBL/YME/YNOYl+hKlD+akwOKUFEF/uMbkuOEQBYYAC8IEgtYoBjv+PUPL2yBYsd4wAq8oL5u6KuiPcBhB/+hIoHUMyG5kAVBXPCPV/JwIGtgo7t6MJ8Fpm2BLv2HTAfyh0HqdCBjFYjh/uBNdwwEHsx4KCR8FR85ZAMhh6AELWYhEA+pwBe5+EdgrVChf9jjQLfyg7PYoLCDrGKBPOUExfpQkLLCgyAUCwC+GvrSsP7jGBUVwx8FUjSBKJUgZBQIDTQxEJEuYEBCCRBLtNoAZ/+NoQjlIETpFigNhDzAnP8YR1mPMUji6vS4zYgBZb25VpmmIAVekEA4cqVUHILAeNlgAA1QexCjoCNA/8AcQfjBNIH4QKcQWIU3BUKPgeTvH/1bgTUeYK8HpMBeEsgsT9kq0z8QtaFbiAFPBcLT21ADAIYQwD9oQM+D5EMFolAFbIajF1oMhAL3zKWWRmCxf0DAdu5ImwI5SxAvxECmOk1DQfJLkP7xKwBgfSxBxjEQH3wGAE39hyY0sV2C3PUgkbzwRh2FkJ4xzyD4EIgEiArfBzBDIBRLwWXdYC/M0mumMSYwjUe2CoFAwrRVxQdrC/JUaeISlwKRBTdg0CyGgAP/HHG4R892ANau/QMPgjCBQC47SIE8Wcl7RsI4v1EOw6FtnJztWe8CQ40ekKLMA3kqGjXCklFI9R/6MMgxyZFW7JWty9jr6UAe6QuZ9KGsNJbpN3rXjW5c9KIVhQdxqwAPfPgDX5YAtUCIIWKCXMGMBvlxgMxzaYGAAFq3EssJMtHbgejWs1AmCMeiEjoCY8Fe3RD0PzJhNGdoZCEo+HM53NoM5YH1H3/MMRQMMmaHGIIxCEELUwkign+M7n0DuUXZjAENWxLEGBAjAQkgAI7OAVcgtKAAERKgjX/0YQedHVszZDoyt5oWh6RYN15YZex/xCJXCVIRjQnCNojfIq3t//VACBHyPml84xtbaIYiSDOTBdQI4vg2NL84gYUtuOMA8/a2Rw2yDzAr5BdiAUGxY1c0KmyBbaMbCARI0OUt3IAExkCbBs5AkOxBbAdyFggntArNf6yDskYgROfK0dBmNIPJ/2hpQjRx16ITKQqkuY23HRU2GbiZGMxrtkCijhDI3eK9WkDCD9gxeCNkgQQ9u8UWfF4QAVcUx440yCFYGwTxESHTpQCBnS59BVItkeT/+MQnPNy+9g3EADgXyC3+EQcIJK50hmaG1dzGtuURxOJeuCzFOCFoFbngxwfBQAbocOyC6IAouCkSZwTyB8JfbyBhGBycFQi5HUij16v/h//UOMGJYEIsFf+Qxj1I8P2ZzrChDx2INY4GqQ7E8hAvEMjQxYjjKDT1tAOBFlEAAACYOOgnNIzACASQBRDQW65nAAkRD9Y3ECvQMhDwPrAgDdKwA0dwD8xjCfzyB3+wBA/gD36WFAIhTwmxD8mgVDlWEEZxIDkGJ5LQBr0XfmQjELB3ZALBPEfgYRBgfW1gNbBQNvegfj0IC8zTMwH2D6j2DzWgZykwArfCTQhRBhhgSyAAgP9gCE01CifiJ6VQC7lCAvUmEG4DATaQBfRgAF1WOi7EOQPBPCRAD70nfj3YgbDwXrazQGPlBXq2An9wDBkAB2LkCglRBkXHhQJBB0z/hUO/IG8qoiL14A6jw4ACFzoakDI7sApjI3Bo+A/qMDs5BV8EsTihA0MDNmNl9Q+P8A9l8A+u4AqxaBD55wgZsDrvRhBgWB335Ac0Fw69Q3jK8w2rEAe6xlM8dQRvFgYEkUfKxDlHIDVx0DMTIGAyxVPP5Q+90DvjIAW02AkDkX+xiIiIKBBAZwEDkWlMFQtDQRCP9ANaEA4mmIaCN1ZSA4FOuC8TAEMCwW3R+A/eYAnt9Wa8Q2BjRWPqIAbpwwzM8AeGc44isQEFgQp3cHoEAY5lUAYmwDAq1jbsNTj9aDYz9VJHpkEk0GHsBZJitVMCkQJ/hgT6Ai7atgLj4A/s/yCRA9EJtTgQtdh8ArEQmWZVAvEDj/QPm9BIkjBIcZB1/2ADPfgPIEg2cXAD32A7DZE9jndQkiOV/wAPKLAwmeANWhCW/zADD8AJr+iT/9AJ4siW4ngB/yAIV2BVtfEP0CdS/7APCDAMQvAPUrCP/6Brz7ZrxAABi1OVC5SWW6A8GgQLReAAXSY02TMy38AJ41AOC9RSrSYB8CABxMUOnOAP5vADNCCXBfGWAlEGl7AJegB96PAPHDcQvqAHQcAOjOeKnFUOcXYDENcGBTdnDTFwEHdk6cOSwTVOmTUQ4cAw4tANFZUCFNMN4oN8BKGaAnEJAgEG/wAKXzAcAwGGX/8AB0cpEBtwC1f5DwYgDV3JOOIHeVJDAlvQO2NlCZAzVvZiCT0TBllgkBbEU7OzDNHAMEvpBR8JLuTZk22pnW0pl53AoGCAgg5BELkZQ3BodQPRn8zDL3FQNi1jCe6Qa/syVhZTDu05AQn5ABTDTVqAjhXVC/+ABDLAC9EwDyagoAfBmgSRAxbGAf8wDwIRWP/gAZTwBrhpAJ2jfXDoej1zA04aA41ZDjw1Ng+lMN7ADJxQDpbgj6sYf185EMfAZ/8wjyiQAZgwdP/AoARxAWoaWHhgBYSVA3wVXniAAAMBBXB4NmdTDiIIkdU4mC0ZqEqGBNCJBFUGmvdFVCdGEM//mQInxmQmOFpjCi4MgZqoWRCEdWEssQZJhgH/YAb/YAwadBDAIAEpYA300jMN5QU01juXBQ8m6A7lsGoE4Q2CJg6Clgnadg3XMA4x0FDd0KIuQA68IAP015YCwaaXmhBWgEZW8AEgoA3GIxBB8A87kAXZs5IGoI/lsAI2uTDB9Qf29Q9L4A9YQFTu4A7FKKVplQktWgSUajT/wAzwIA72wgkPVQz/QA5+ZzTzIAdFZxCXoJ1qiqn/4KMGgQH5F2rhBw5y1mWbCFbqkG0XlQlmiQTwgAVQOhBgZWgPhQLhoAgBmT74clEDUazgKhB6sA86eRDPYBBWAF4EYQ1OeYqH/1YOsydMdwMux9oE29YNEvBwI9oyUgYP3RAORaAIxyoBgqYOmaCvY1AMitCi6IgNevAPVYAXa5Cp1CQQa/CRcvMJBEAAbfA+YTcQhSYQSykOF3U0+joQWmAvfTByAvkPIKsIMuADCiOy3AYJIwAJTjQu4SADSOAEMZoGcoANPwANsfEFX+AL6NACMJEDqGpvn2AEC+hhgApWswdqE0dUrqYFRWCsAuBEvEC1AvFHxTAGy2BHbysQ3fJlhvUPdVAHSYG62DAQ+OAFLUsQaroQk+Y3/9C1FBQPl/sP9ABxurYvzbBAbnVizCAJxGWy4YACMmCsAqFg4/IPJ+As3XIg3/9bAErQul8mA3l0DNr2keaQZL67AwV7EFZASc4mEKvnQEwoEH0QmL8nEOPwZ+IwAwcAstyGAgrmRP9ABd0SHAUAJwUgb1QwAuHgRAasBeIDdJ+FSOZgDgVBsAZhCgFztXigFz1RCIhEEPfWPpT1D8AAhdbwZ1AodvM6rueUCTQsA1rQrwH5DwVgD1Q1ENxZDLsACeHgDT4bDtyGTMeADcS1Dj+Qtf9wqS9rBqD6D5tYAngQAle7Bl+gH1ZQofY2EHGwBZyAjX+wAgHwCEsJZTJFtwtzUWEJsv9QrOSAt3XgAzTKC0rgAz5QujbsDfEKLt5gsh2ABAdgr4rLDnq2CZ3/kA4F8bL/8A4DkaksQRkANxDgIA3tJWcQJzkxsALAMA7o+w9pkAL+4A/MUGUL0w0WTKnzCLfRIAOvXL3REA1jKgMREA3V+w8yIAA+yzCChg1IoMTWAAwUmRA/IBDiUxr5EFhl8z6XDIfi12VMaDjC5cIONRDX4Gp2269iwG0yMMThwKsocA2tnLfmC8sS6gPkMBAVJQ7wkAblWswJoQ0SGl4DsQQCAQFHOL8E53o30DKUZ0HU9w+ofJxjqgVHbDQRYLdIQKjX4AZxdV8SIA6ZUATRIADkQA51wAa8QJNpAA+S4A/+ZQLYKRAvu4nPJBA1oh+Ml7lZ4DaXSA8QcDYC/4FziUMP0kAMBmAJUkoQQKcFByBorzYDRhzA2fa/NTDGf8AJf0CvM5BtB8CrQJfLxyC9xxBUQ9W7ArG8BoEHLZ042VoQZQMO77OAo0MCsAALEJg2ysMwB9BqAjEDAkHI/gCdDzADEhAAW5pcF6Si9xWmoOlkS5kGppwG4iAHx5AGD3AGjjwQjY1wBpHMiUO2BLCGY0uSbUMIhNc+sKA8s0p76imK+oNM2kzQkiAOzPAA3YAFsFCVI9o7OIUFx8AMWFBWWNALv3UvKUBcmNANGvypJCG8UPkwU6e5XzwQvUcCbXAPtjMy/QM5zGPNyASuYcoMxyABt0AMezh5ExAAfv9tqlgQAAHACd7qhG1nDajaDSXc2FPM1f+wBjViPFhpAwTnYe01eEEzDWfYg7YzNvbl3fySs/pjwYJ2ACAta+IgDjFAD53NCTewCrYjnfQlnb0zQ4v6D83gDlJgDfV6EOlw0h9ZCBpjYR3ADhBnBGWbg8c9DdOwCKNzNlYzEG4AD776DWyceAmubX6mDsywfmFcjbCAr3kdAAIWA1dpCVtgCTfACQ3FBOJKEI/9D4w8ECiRDz2BSOcGzQ8zOiyeMh7Wni32UihKt6j7DwZ+yvY6AWXb2vcADjcAD27wADGg5FZXjX96A1sgBf7lBUsgdwbR2O6YEDtADKBmAPcAcfn//TAtU4eQY04H9zgFYbJF4Evd8JnqgAYScAMEwDweCA4x4M4B8A1x5oE34IFZEAbMswJpvJQdYIIDkQ41qxQD0Qzg8LK8Zq2r0GWLswhUM6r1fRAy1ZUP9UnK1FgSYC8PFQOJI2cQQA8BAA/wMOfRYzZZcOqkwwnigAkEsQ6NJOXQc9LERRDTShCh86cDIQJGgOL5fA9pPU4DAWr4KlbdMAJvG8jdMOMLow73QADgUITg8FyZuaUD8Q0QIDdZx1lPjQ0dMAdncAFRzhCYMA7uAHGQ5VJbEAfKTXge2AZt0DkTMDKnc98qKpD2MC/w2sqiGA4+MA7gEGD2lW2XleT7/wK0lvB4+qxrF0Wou6tnZWAGz+Dzg3nMMpABySwQ+Iy2lLWb6ac4yvAJF/gw3aRWE0APEKM89jIv9qAE2Ss/+VIEboAFbpACaKCrD9DTcRh3nNAzWZA2P3DE2v4DclDCVEwQxwAGAhCW+lIIGSAO45BchtaKAiENP7g2GUoCi2OZkDMyJGDjox0d4zICdaS3AqHyPiAGRZAJnHDx95C8+YOVHDv5AtCiCLAOczAHVTAHJuDwgCoKsUkQR/MATADDvDMy93AEPziHAvHxB0Fj3lAECrNJ9D4C5MAG5BCN51AMy0AODhAOKbAFJEC2gpc2usVZacAw0cALpJAGVVCu+/8ADOugAVN8zBJaCArGvzNEftkoEB2I6suT5HDzXvxL0ALhDRHkAGxQR3UQDUWwx/UAED7q+fBRrNiIcyP+iQsArg2JGA+Q/Pn3DxyEOBX/eZOBohspOeseLOHxz1/FZzZuiNOoyCWvijMecOqj8R+nf+UySqs4IcA3SzgrepGgEUvFB0W7eav3r0gRb1CLhAvnzRtBJcXIFavX7d+DAOO8/Atwr2IYs2BTsMnkxt+xNDz8jfNX42QfYzY08kqmsQmKiits5vz3TeM9aRljGP4WY3DFcRpTqKto1VuojVa1aPm31Gqmz2i6SZCA5uu/ewT+kfiHpKIENxIe8LArtwafuxqCK8b796PAv2gV65BTEvzH4BQmH1dM4QXe6+UavTkt8s8HuYFPFQV/+pSqNy1VL2+EWjFGCjGhMolhL6bbNfcH3nv1yizjnw6lVCxnEw0F1YrCAWwwMbwJR6MDvWGjoiJ8eGwrjexZZsJzJvxnmREccKGYrAyCZIRlHCAHkjFG8EYMByApho0VWfyHDSWuE4AXJWCq459j4OnAh4AAACH5BAUKAP8ALAAAAABkAGQAAAj/AP8JHEiwoMGDBhMgXPhPFcM8BVVJnOiwoSoKXAhW1DiQyC+GIA+CAkVQ3sBI/1DKi2RyYQuUAlv8+xJz4ZqDMkP+U6Oz4AcyBX0t8PXv5s0WCwY6FPVP4b9Jkwx+ufnPk8ABnqz+CxEia7VqWat6GkJwyJR/Zw+S/VeNbU+CangypGmQmsBa/xoQ5Hdl4AmBrQjmSJtWoFWzWa1qDat1YSVPbd+CJMoQxsBaUfIWzGyQ378FtAYUrko665TEjXtC/gdRMk+5vohGWlPin+eCV3IbtExQr8AGvGv1+FdC6MDTpEsrFng29UGtGyUL/PCFcs9atXwL9GNQuF7upf6F/x8FZlLS0lurIledvLX0f0CBEh3Tl2D9+gIt49U+EAZ/3gYFdp5hjaW2HEjRhfTBQAvSRRB3A0GoF4C74WWhXnhFyNBoAoUwkHPvMSSXQOjYptl71Pim14qX+WeZdvz9UwlaIdZU4z+xFQQhSA1wVlAt+F3W328CBTnLJLScwtAQ1YTwlUBPzljjgm+lWJBedgGn2Ys/5selfQM5xZxBhdnSYVE3fvEBSUIaBGGGCE1I5IlwDsSfigONQCNCIZgFpUAJKiiQg/9wt+M/MAzX5W7/1FcnDNhVhmhCBFUzRWRrlXUjmDpR2JuQkUa6UIa8NcDfKAx5OFA1Q+Ti3ltryP9jkh8xzjkpkfzZZes/tRy6G4tDatYDqgdFVtAaI26a37IRWuarQIrGOEah2wl0G7RXFgRDkJUWNESmyl5Wa0h+1DKtiQKdqxN+FHIbElDhvmWoojr6cQ5BbNgzrbo67ZiMTnvEKzA5DpCTyQTw/BOAQOH8M06Nt+2xlpkCgQtiuA08q+NAYmTCECIEwSLOQN4QVOekemmTk6CSqXKtmwjRKxAbAk0zjUCMkHDQNzcMlMVABBS5o6cC3QETSMkKrCHM/zSCEDLIEHTPzgQsUu2unIJE5VuBGsRfnWP04MA/VtOzcEGMGPOPMgI5LRAWB40MEtEHlfgWodzJTBDdAsX/8E8b9PzDyEJBC/SJQN/A3bZAPQ8UJJzjEqSqdPeGOEY39Dh9s0DGWHJQ4QRF/c/UZI8eACQYiprddlQhtMeA8Y7xMkKkFxR4QeAMZPU/hPzzc+//NC5k6gTlYlASShuK7XtbgGT17gZlQQABP29Xi36Y/UONuwblI533uoXoGS4DtUGQzr7/I/pCbP/zDSPKdBP5VSApIl1OfTWg90Jj7NjIA0WQhkEOR75+/KNkBGEEAW5wDwgQ5AF3yQvRUMAH5A2kHe34hy42NS2NLYQ7OlMGzzb3j8MBjXwR+Ic6BmIEhR1kBHk7CGfsgBAaEqongeEOP2bHEH4l0CDeSIEP/1RID8/9w28ECYP7mIUQEFzwIJQQCB6sQot/5KCK9FuD8dZwDj/4gT5XW97SYOCA5g3ibWzQQhz+wQbt1GcEEkDDARFSOZ3AgSC6yOMGpWgQPFjxH6EBpEAU4gceUssgHfziP4L2DW+MjWYCyYyP+hOFIS7kHuPQUwNENZDMvKMgNNigIxgwkJwMQCCnSMYAsIgmE13LgxH64tgEsop/eGyFA7HHbYrxj2m1oi8+iEDY8MKdDJnvXhTSSxS44RkG0MAgzwTUmP6Rj1nIRB5+HMgs6gUSSAgkAhJYCARBkrB6HCScC1kmNygwjGwcxA7uPIhT1jAbQGagINeK0f4M4v+Of3DCYQb5wz+sMZA/pGAg9SCYJSE0STsRZA6kNAgD4kmEgRjvJNbBQ+vQ9SBawQBCoUjYPyYQUCw87B8r+IZAvCDSP0Cwn/9IgziO8Y9udIMcD+JMQ/9xh2FEtCA0ZIg2UnLDG61RIOUohztisIIVEIQZ/4CgQP+BhQCoNAX+eOA/GtaNQkVhkjGKZ0F++o9YVKIQ/wDDQG6STTywMmb/mOVRkVoOgXCirnf1p0ChetC+DYQTSDwpEv9xDHhAUE8G4cY/AOAHfJCVIO60woduUoA7oCOb/2hBPvzoAs94UKRrzJ0l3AHTZvzBC80Y7D9SsAIvEKSvD3hYXd2xBZj/LgweXR1ID3wEgIHc8R+Pfewd0cEm+jmFKC44UUFAJxD0BW8gihPIwx4GjxSkQAI0lW5BUgtTu54NgvAowrW4odgr5OOxCGEBQQhlN4f85S8DIYdr/3E73P2jlluoq10VlwJxuDZh2VXYOJvRjLelNr93jcHZhsSNzFyBBY5wRCgJElSBaIMp/2DFZ9BURW1UtCA9aIADcos4/ZZ4IPlVWDmc+g9mMCNh4ywIFiDIiQKjVKn/iIM7yqFaxwmkt/9AHg0cQRBNFCQPDjHFP1qyUWuBaaoDmWviBDIHgfygoFH1wgOg+oBwYrevIl0i4wQCixs074j97Bk6/6HYf3zS/yBBpQqxANUSgYCAGswMDEh2MNdaurkgXoAyVQXyACT8Awly+4c44PHP7o7uuZwArECmxgkUQIixCImnZP+RkX/owwICAfU/ZLHYf+i5SLM8Hy3Tx+J/RHEgZxBIAATqt+j+QwwFGRk+fpAwLPzzHzYeyDf8tgyCXAMhRt70vwQSnn+AOjyoaHYr+DIQ57ZQbf/oZ+6ysAQy/WMHBlDpff9RDghKAAm5RYFAVECE2vwjA/5w6hYIHAP9fqOfdSj1P0iRjUMURKz/mMU2MEsQYungH/AdyDGwLbjmDmQCanPgbwniwH/k7h9HkEYtXYsFmmpjswOhgEDWWNt+ckKgdf8tRzPUzQ1dHQLgBhH5Rob6j48IpAAHgeDgDHKPYX/jCP9Ih0CQlxZicO7oA+nZPNb7D8kKsA07WMUGYvCNpCoY5T/mRl+g4G+DQKM/QP6HCnTljIVAgqQLWeM3/GyD0blCAyddpO/URjqe/SO5hvnHMNI3EFgc0W//jHuA//yPDQwE4DAIDwDqY4jhkFo8CR9INAYSj4K0gQR8NggBRCCCi5MAAtiOww3KLO5/oCDRbUhF0IxeSw3U0rR/PTTO21wQTRj5H/sgBUGcCABFOXEU+tibQARQkFQwooVtAEftBkIMEhgD2yqtZfX6tmCBGKGF1c7xSMnN1KhKNwZdVSz/JIiMEBP8wxADoYYT/yEKVBTtULpiQzNMKJBUEIQeAvw24np2j/43bvqmw2KccAPGQAgEQA9HQAL3gD7C4zDMEGAx1gNw8AL/8AJdR4ECEQRWwA2GYBfNRhAcQBDUoCvSVXktJAL/kArX9w/GcHFGVxDSsHw7hzh+NRAZt4BAp31nFgPj8ABh9gD5JhBCwBAmoHvnF3ad4Slj4E3/gII4IxCVdwQG8A/EQAz5NzXSIAzS8IKM0IWl82t+dgSk43drFAfLNw41gFL/wA6cwAzF0BfmR4QZwBm6AgAjeBBaAhiZUF8E0QZtoDZrJAz1BQu5I0CDcwT0kDvMJRDg4Fwq/3VUtVQOgScQrZYG/4AJOhGHdVEKIMAZo3AbmQEAieIDdcUI5oN/F0eFN2AAyUcMcaBS4OBAEIB9cnNSKlVxNjhXBeY3f9AMcGMNvbBSwFCBFyAQGHgQQaA950eCAkEEVxB2B9cXw7EMkyd3A+E3cbAKuhhsxLCADPEAq/AzuGgQzbBgzOAPaUBQMfAGB1EGFfgP7uiOhScQZUcH/+AM6/cPowBtvjUQKKAI41Q4DWhx+qdSC1N6z0UQ0yJu3kiDKyZritZV2OAGD2AN1tAMTiWP8LgQFyAFA5GPC+GR/9AJriAFB6BuOyAQWWADmIc4McCHa5djJEAINEkQ9pBAvf/jNzH2AA9wUBLQDeb0D8c2MuXIA49QEPHYCQhhjwKRB9tELB/2D3LwD+a3Aa4QA+FUAzdgPllgPtKQfwNBD/ilUuUwAQ1kPgaBfUg1V2eGa0IZCqEglNBVAz9QBYaHEJ1QBhr5Dz0QCwKxTTVHAbGgCiWCAUKAD0L4D0wwDivQDD2jNtVzD91IOkegjQaZUvQ1EEZ0A8fnO372D5YQAw9gRDVFEDOVMH8wDl+3DtnQCcX4D69ZEBdwAYfQAcQBmP9ABEwRC7NgEvvwCMkoBexgV/dFDKtADM93OympMxAgDd+AkBZHD/fwmeJwO9g3AYBHVTFGEBKgDt0gDjzgVNf/oHt3yRCzORDF1RHstwB6UAVxuAHNoF9bIEBHBQE/YwwQAA4aNzXg0DhItHblEAC/9gCNAw6XNzXi1jwx0AzdMDb1cGwCkYYEkQFfF5sEEZsXsAn/sAwCADsNMRA58A8Y4AiPIASbYHTSgD49VxDNCQtoRwJxcGbuc1Rng0CkCZECYV3/4FoHkAkHMBBp8AA8MAMN0wQoQAkvYKEbORCXoJQHISVosgYIAA2PUKXEIAwCgYs6k5KThmKwkGJbUHo6uVVbFW+r1jyWEABwM2MPsGBZ5QaSYGgCoQUy8C/HqBMblU2g8AUm4QFftw998A/jyHcxwAkPEwOrUDsKRpyE/6VoNSUOffUP8MAMOmoQK5QwzTBOD6AO1SgQ6vYPh+AKByGqBaFW23AQ+eA9HiAEQcAJl/A3NcmCzsVUlvgAf7AFtTSmBAFj48AJMiqn4TAy33lrA9FV1tA8YVZs0dCpBPGqBeGsA5EU2ZQPGqYD3iMQX6eSAEiFceCKsDcQErACt+VfYYZUA2FiDCMQ9vNaKYANAtEM6KQEJBOUmogQsSkKIfgPGnUT+iAmcCAEiSAQBBAPoEOf4+YOzeBaEEoQaCAOP7ACf0Ba17h9R2SJ9tMwQQmhWBCpMvAPyxoOP9p0d7SXPTEPVtBkK/UMWUAIxmdC2OZoSGSJpicQPmBORf+gCLgGD80wNTwmbn2FAuEQDuZkTvCQaORwDvcSDR3bDR2ABHIgCBkwlbHppAQBBARxspnVZIVwZX9jfb5DCPgnbOOmcP8wA10lAzjFhHUQDpg6XwPRMMtKDg0TDgKgBRtabLxUbDLQMCp0DD/wA3KADfWKEHf6D4WwBguADr5AE4WQAXcZDy1UeVmQO3P1D80TB3P1MO6aCU3gsQNRB01AYgNxDt6EU8uAU7uAc8twkwXABglVB4oAsok2lT9gfkp6ENrgoRa1XEYQD/Hwhxp3CyDhVOIgDkjgMabXsf+AtixgSdZyGzh3AieAcwKxDPIqr8tbENjAtdhQZQzxDAb/AQc5QCiOC4WROxCrQFqkJYmc4Fr19q41AF4zUFNagALqpgXmlLbU2wM3uS91NAJKIANDxAbhgAIycGzd4AT/IAFX5q4CQbUgkQO2KRBHUxC/+2h49TAP0Go10KtMkJoPkAYPKBAHoAX1+w/EJwBKwEv/AAn3Yg9UkFb2UGxKsMJK27FaAKEHgIniILOWmK2d8KpmIBDPYAZDHHD/QBYhgAfWQRBZ4LsEgbCRFgM1gJHoqGiY4A8EFgDBOBA/CqEeE4QyEA3kUAxKwAa8BAlqrATkUA8JVY3/KAMH8MXHdgzr4A/QsA/QAA2uAL4IYZu8gAf3tDL/oAddy3f/0JI5/5aN74pSvXBQB7BoFWlsxwahdFrAkhcNvFAHaAwJxVAHAsAL66q8PhC0DXMAcnqJ7LABJgANAVsQfvwPDlxFaLUQxJA7aGlxXDqxKzAOWXUMIVu0QvmjcvQP9SsDYnAAuBYNiiAAMlAHnKwEvNCxRYACdovCMmAKbAAJbJBv16AOhoYJaUCl5rfLA3HE/yByCJFVLPhtXHrBBLEFN3ADTKBS80xSC7owxyAOXXUNJaxuMpAJCESnkycDMlAEeysDihAN4UCn9bCsAlHD6lUHdtsNP7DPcgAMwLABF/AM6SB0RbxqAvFWSaEH5hcPvdMGPyM9nDOOBrADFwcBpLMFaP+3EAeQWzl8bA2dCdeQCUBr0JngoxKQAtXlDxIgATNwDXZ7DeCJjjzwAFJQBs76DAz3D1x7EBmAAQJbeYZjA9STmfR1OwRLhfdgAFNzAyTnqN1wDcX8Dzc9AxOpDsl8DUhwAA0LpxJgvDVwcgEQACsAQUTtBpJ6DNv7AMDgBeZ3CWaQDh4tdFZmEERRyyrZBkFD2YdsDFmA2fFgfyx41n0jzyMnEGjQDZjQVTctEPBwDEn9ndhVVQpTA+JaljEw2wFgXdVlWOPQC8yADZKAhsDQT2rj2OD7mcuWD3XWzmEp1vHwM4PD2S04qHGXop4jR3TdVUmtDjQlDhLADNodABP/MGwbGzyw4KJ9LWs9aVgCxQnwMANpAA88IBBmAL6xzBDeowHmk8u5g22DwzbKcG05F2PfMFfHJgGljQ37DKkp8ADdADdlFgASgAU3AKNbsAUuqjCzFgDj8Ad/cFfNsNvdMJUC4dgEwbUXlRQZoAfsOLAEmZnYNg3KYDWpkAUOFAfBJhDhZGsLkwmhgN1m+0DMcNQMdA9bULQBoIDPaZY30Nff/Q0ToF/NwAmPLBBQAK3zXRCzUUVSoAGCCjjEsANWeAQQcDhPIBCnODqLCl3RtQXlXVNFMLN0DUFQhd1Ffg/YmQJFDqPf4Hf3EADwEACWwEBr9E9/IAUhfAyW+KpV/27VBeEgRtflcxUH0mAMBPDifJc7qyCatKOmipNbeysQ2WVTNZCAI9WDEyDjmLuANyAB49AzOkMCRpcCaSABWYUNaVAG4JsOxrDY3cMB1/oPgao2KdmtfLYD5iMCi9A+BOlcBREDlkA68JAw3QBJRRAKDUsQCwMBotfXN5AF93ADOzA145ACEwB6beBAJPAwISsQ/qDl/4DObTcQArBsAoGJV/oP+UdypDOD6UMCOtPt/qSZNNqT1QtJcbnAqD0BBNDt9xADXhADhJCAcUAPsBBbPgMBDvRr3TC/17AODHFlipABGdA6NYCrNyBuJm/v1TODWVA9JOB36KuZB5Fv1v9s43ZOAJd3A5Zw1PdAABDAQAssDjFwD/Sg0jnGCTJ7Dd2ADVUADV7gWiFNtgKxdP+gCNfwAM3QT1RXqP+ZyKmYBUpUPQ5UfaloEJBkTinEzxKw8zJ9A93gDeMg5AHQDWiQCRIwAZ5TO+6QBtfs1u/wSebwD1JAqv+gAdgwVPdkP01ghARRYDYWk9IQBoUDPBYP8AIRBrUjutUbV/9QD22+owofAB3TDRJQtD7gDWIAjphrcSpVerwwD9iAD/jA8SvlCkK3RhTAC5LXBEuXApwAnWRW+fegRCHRVwKNEDXMhAJRDEFk591QBN5ADtDvDeFQBAtePiQQA734ANdwDQv/jQI/8HVLAA1L8AO0TxDq9bkCYYlYjxDoU2bfKKn/UPADwUtFEISdX8r/UATTzwYOABAjRjgQ6MBHPTHjVv2j9+9fjAD/woXrds3hvyX//Dn88S/dqzgX5xWaF61OoX9IgJVr9ofTv4j/tsC6KLPmRSwXU9RU9w/NRTbeItT09q/IUR/k/gk8N+bcuRHkimgZd68NvQAPaob65yYNPn9e/NUA9u/HmX8ENPxb9i/DvyYy5uFsVs5hjJsOicH6ltfvRTfdHA79V9RhpiL/rmX6x7Wx0XD12Eim2O0BBAL3vHRz4wWeBHj/HjBbsnFJRi//+mQh8C/0P17/yLFgc/G1hsMU41Jo/ffnYurU/yT82/n3nxiu4RwWOegjWrTEysP58FYkQnWjRyPXCzdunDhvhgUfuNat2wF1HRzO+HcgxUJOB/4V8MuiSDgZ/xRd3E80VOLljLuJnLbsuQiSZUZw4R8HlmLjHEgcYIOcYiCBpKYxDvqnGKUarGlCh+qoQymlxFlHsIAAACH5BAUKAP8ALAAAAABkAGQAAAj/AP8JHEiwoMGBqIj8Q3WwocN/eR4OVNWQSx4uFC7+yzhRoCouBSlYkEiSYAJ58hqmLJjri8M1X1walOmwkkCbNglGavihJEE1/3wBHRjzX4svCwSu2SmQwj+KPnPlFDilKkFPVaf8G1J1yECt/zw1tArWp1mlA/kNbCCQmkE/fgbG/WfvHwuCtMQSrPaPb6UplabaLPuPcOGbhs9+IPOvp0B5a/6VOFjrX4Na1Ng+hPGPc0mtU7AePjuaNEHHBcG0MlhqoNt/PWBUJgiAoOZ/VwQy/ao152CjAkVLtEnTtEBfA0voGJhbYO65MBp4FthgrsAoAqfP/qciFotgNw/3/xZudgpf4wJ7+vqws4DmuXNnc2Z7G/fA7T2sO69fPLHpiGcx9g9QvnzBQiyWGaTZfARNl2CC0jXokDZhbdNQCAOJdR56B6E24DJx6deQg9Qx2FB9csWlwj94fEVVWH2VZpB/pBW1mkDbSXQbiQU111yDtdTSgzP2lCBPBpUMUJAnG/aFoYuRmcYYTWpJRKJnbF3BlltZEkTNa5kRNNttoPyj5F58PfliNX5xOGACBIk4EGc8SsiWbG3d90+ODuW2C4wPsSmQLW4KtFpzOaKY3UF36pkgdntGml1u9DXQ6IxN7lVonCM6yOeizFl2RXSK8tnAjwX9YmZBGPJ1XlV7tP8giptX+FELqgUtKJB+t30Km0OVkbhdA3fsRlIlcJK2QD722VYndQ+JKGdBfija2VqaEXretgOdJyBpUBX0rEPwWVflQOcweiJ6e2yKq0E9HJRfQ2MU5MAY+sWlqIO3nSmQVwcNoRdps+pL7aYFrSJQDCkQFO+0BwvU7kM5fIvwP7YWNNts9QrUjRgNKfNPF1lk8Y8yN/xjyT8RgDxQvLZ1BLBEQ5k1y1q/4nyQiA6UQxAyytxzkDsFTSNQGynr9ykIFx/ECrkwy1sQIg418g8uBPVzNUGEqPxPvb7+g50zzNJsWsbkciqmQCL/w8lBbbRdkDUrF9RNSR0/hBx642L/3FARAmVBwj9GmCxQyspQffJARqj8wD83mNzPInI9aBCq7VJCkB7FkeSSPfCd5QfIRic+kMLKtI2LCAS1AcE/VkPO9soPOGDwWtNl8NAQnUtkLI5q+9QPMuAc9MdA9Pxj9D8ECDQB83EIXbfflUUxnSEHtTOQIIWYtoxPfSNTENYHLS8QIz93bQQBj+9pqWUL1pmEQLrowSHEDr1XDiLESJTFNFpLRUGap7x/YOF56IvadWbTA93ZoSHvKJtPkMMGuGAMfwbJm/j+IbQuMEJrBRnEP0Lxs390bRXFG0gA0NADtkQBUp4pBR7mJ5AH2sGGEzNObt5FkuKhLw6UE0jz/9gwEPGBTAIDicc/YrCw5nVtDHmDVBQaAKmHOGIYUTLLSjqGwYixbSBysw4zMIYGicRgemuZIlu4EYVSwKGGBqGBB6ygihaoaQA5GEiLBpIPMMDMD+fy2+2+Zrl+TO4f7bNEHBzwozpZAg0dSxcaRmCWPDrigf+4JEGySJA9AicXAplM8PxQRU5RERIDmQAJ/0GOMl5rOq8ZCDNsJ5C8/YMED0iXZUo5kCoYhAH/sMMhHDIAfwmkbK2I2lyUWRAoElIglrCGQFz5D0hQ8h8+cMA/VqOWuBThHHXKwgSuibsGcEMi2chGQc7EgX/QIgO+aAFBJuMHBUpEm2wIBRYM0v++hmEBHg9BAjl06TcYuBI7ntmOW+4wB2CWxJhGSQkeJvqPMvnhBIQMpGU4ExdUGnAgK1iiCguygmZ8lCCP6wY5fACJeniUlZzpgRQ74xkVDIMGB8GpQBjyDyvI8ycDscJa8lOvuGCnm7WsgzeQaJAt/GMFDwiAQP6whZAKZBwC2WczAHoMJAgECZnwQb1GEB3PwABPA7GHB3RaEAao8yBg2Mg/1pBFUFowN/zwjHVeKpBybMESKROIO75xkPb9YxzlCOnxBMKMJWCVIBEwC1sJgsl/WIACaxCqC/5xB3cOQJ4/nUVcbtSguJDjH+UQ2j9g8Q93bOF5A2mGSf/wNoP/LHYgnHiAVf9RVYGkIAWZeCl2qkiN3Lz1INDAgwvAoyZU1IxFePhpvPjhB3z9gx/kyMQ/JKBIFN6yr08NACekeQaU/mEFxxDHP24rVYFswalb0IBBMgG4f5zTvrHswD+A6QiC6LQFTsnAGibxNODkkSLyYMo5QiSQEfhAIIP7h3z/0YYIE/YfXsCCYQMQAH9I4HHH+McYG8ZhLBzPZwQhWkgf17643Lc2ICiECYJ53IOY4h+saOcC/HWXjRDBGa0IJBELYtIIH04gtRWIYbFhjQeoVwJjHMdu18vEFfzBpM2IARMHguJaYMct2KmsfwkiCgr948Z7m6svMMLTeYnI/xiohTA0Y2DSMwT2eH+QZvse0LCBWGOfJ90yVrcQh3/cIgYoXlh23PIaaGTDEZOdbB4S4BQ4oaMF1fgpQcbwo7i0tw1N9cJAhvGPNAikGQHAQgpYTJAUwGOM/2hYw7b8j0Ib+hZu+0cA4FsOeJCTs4KosUAcKlSDiGIoUDlndX90jrsRRBqk6bNAVpACcSChG91o2JMFcmGB2HqJJS2Idv9BDW7wcL8HUQMRWvMPfQjE3W6p143sKZDkFToOxiCgQOZAEJPu822cQPE1/tGNTDj7GI/Dh0DW8TgU01oarBXIZmvzD91NdpMMaVGZmPYPjr+7FPwYQytqQfF/MEJk6P9LYb1N6I+G0GMVdVsZYeEhDjTodyDh+IcOIkIBFKRB1FzutzRLUcUNaKIgmnirBUCRA2NqQyEDUYEtBYINUKPvEwIpXt2SZwx/dEABBQFH1+hRPHrcwxJ5jqp65/qPWbX9HyZdRaJjUNsYuKMPAqG47iSyHLdvZBT/ALxAqHCQxzaOIPeIA3yNHMx/hABORgY1BFIYA6deRZ6R2cFAblGOZvRBy+UNwDeIRm6Kb4Ak1MCOUzr7D1mMRCAYLciEz0cQzXvtH+kAdSc0sAkpGJbCtzzCEWRH63/kEQGcAPVACu0zk9ad9Nv7RzaG+Y+Lz/QfzhCIBdjtqIGoVt9Y/4f/ys1+g3uYjBFGgEDKoK38Iw8kGgIxxz9cQQAjoE9oTr3FFsqRZLgTXAVfIhAvMBAbQH0CoTs8dR0DwW4X5SAnUAeEYxAE0DzQBg7FkzL3IA2E8Dr3kDKBlQXDF2dKVhACBA73EII+8w0mxWfT5iUkQQq08Q8lJxArMhAAQHGn5RBkRxAp41TfBlsC0TjSYAl0h1XFJxCqJRC4tkR9AFUFAX/UgD0DMYAGQQq1UXJugSsNEBsAEEt/0DyMwDomxzz/8Dr/sANCEwdqaABhF4EDsWUBUHysFQbRs3lIFlL+YA1BIBC8IBDFwG8OsQ/JEEsO0TEAwH3/EGICJBDhR0D9/8NB37UD0iA0JHAPydM4jSMyF3YDyfOIkCg09/CIb7MCWFWKsTYC+mGAVVgb7NaFFMduPfApakEC6PMPJVMQxHADBpA8BAEBXdOLtugQafg8gWV5BCFNWGVVXkUS7EAQ9+UlVdQDAAADtcENflAHhFU4xvA6Ifg6q0AMZngPW6ZyHlMQlpCEPAg5didYbmNVXrBb2VAGneATUjiDgYeIwRNSjVM8fjVhCsNlU/YPYUCOAqFL6IiOPsN/A/EADwAPG+YQZWAQUgAHIDASsuBxc9J2e9MBgPgPWjAQhqMw/zgQ/bMFcShSp9MQZviGKJZk+yQGmbCM6/UPzegK/xCR8/84gPNYEBtwDSBQkTsVS6jAU+8QBHt4ARGpX8zgiYaTeIimcquwBTcwAfdgfrcoEOTQMa+zPrqmaB8FD8dAc0UQDlrgbMxgZetwkyVxAf9Akf+gKqDgdwshEIKAAIBYXn+gXliwChBgMjYAiblYW+BQaIHVDOUQByWjbwNRi80DWKs1EOJwAJkAk97gDVqgXa8WANI0EDtpEJ2wk5sAB1fgdmUiELMiCnchBP+AAP/QkSFVDgrDiwKBhogXB6vwPF7ACTFwAyn0CffgAzlYEImGBYmmXdewdky1XjygcBf3D50pEJ1wCRugBzpQmuhgAaoiEHngC4LQjM34D29wasv/dzTgAG3EIDTFYwA3gGgFYTgDgQQhOBDTMw4P8FgDoQ5IoF5IIAFpUAP/cAA+cQHR+Q96IAo3JhH7IBD9JZW3UH6HU2gEpHxxIA2VCFL/8A1bEHEHMTjFEweWoDA+MwFvQ0TR0AFl5AYhFWIy0JYz9g+XYJNsqZYCwZZUqAgSNBARsQDF9gj/EATy9W219g+rQA+1yEGB9Q/08Ih/dRAkVHxHupC6NgPapV3dIAGSUANp4Gzw5wEHEaMHwSycNBC+gAe+JBBBoHn0IJuPKA22p6S1toTfgGKyVRDeAE2WtzI+k2rt8zauJhDHkJwrSnUScQkEQQGgNABT8Q8oIRBV/7APQcAO5dWeh+Mzx/Neh+MOxxMD7TUONNdV/6AOBdGQj6Ob7UVwaJACzVBbS2ANMyADu1AMTZBz/yAHp/cQz1kQVrAAUJcU/zAM7CAFQFCGYXcENzBhbgAPWPUNhcYJx7NbCPcPLacypLd2MfkP1vYP46YOBidSj1OnSnBjgeqZBfGcbmcFQlVsB9E/hNB+SFiV4CYQyblYx7AEGBZ0vCUQpfoQzEBz/1ADGsZK2CQQmQB/HdBfBPEMBUGoBeFJ3BEu9uMK7Dqet9AJuOZU4+BsADoQ3TAD8GANAWeMb1MOUnU8A/cPRVAPp1Wy4gUPGRsOAkAO4TBuTZAB7wANt/9qEAprEL/DNSazCIcnmwNxA7X1AwMhAzIgAALwDyuaCeIQYoq2BbnVPtqlCCsKfxr7kfZQAEpAENdwN+/AmQNhewdLEC0gVGsASqrgC5ERpgPRPBCQeLgWt4qGRNgAMtHwYMUgEA82ELc1pUYLOONmtcVwDkpwWpsFgXAgDjOwdv9AtCSxCQXBLEyxLAIhBUL0D0rUBqCmeXHwpLJjN1qQczLgA32YtCWLTS71D99TDESESiNAeP/gAlQwBqzrAwKwos4mk3IgEDl7FvmwG2kZhBFIAOBADEBaEFuwZb0QYjOQsQIhq2eWtAdBBWrBD3XxD1SgBK+bgx95NwAqCQP/YQ7BaxaCIAh7lGab8JcEEA9KREBxoH9y+g/AwI7/cAacqrEZ+5H/0IcQKHHXdS4FALt08Q8QyAZ1oAUfeQBi0AFpcAyOKxBe4Aq9i7DzGKwCkQOCQKBsJxMP7Ia82AcBcF79er8FEQD+yQwpkJwCmwkrWgfksLXLsAxUMMPpcg7fQxCAo7+ZkAkH4GwGMQf9dQkIKxAICwR/KRDF9g5C9QUpwUnh9w8l+XlwOA7++QOL2wu1VQMpAL7Y6rzQ+2ArqgRsoASQsAzFMAI3zAu8UAcH7JFL+58EwQzr4AXQMAcmMI9mQBB5LBC7OwnJYLYFkg/dwzVwBg5m17kReQPu/3AGb0PFAOVbLfcAXPyfp/sPTfAPMRsORkvAArG1RCQDdUCWocvCMhAN9dUNANoNmLC7ArEPkCsQeWwGe0wQQlU2vgBKBTE4XOd9KXZVK/BqAsGxpvafzuYyl7nDAGq08Ge1pgDK86C/WiAAPsDGSqAEpCsQN4cN/4ABJgB0BpEOEsGrcNaJ0GZChEAIJEACO2CbfwV998oJtQUPd+NVdyMGMpAJEZCxKGCyBhEO0VC1a7wLkLAL5FAMkKAExSC9iTjM7GACZ9AJewzO/7DHjovLx2R8wTgQXUMA6woBr0MCllfOBDSJnxvM/9ABmSCrkkml2CqwHqO//xANa1wHa/98u+HQBD2MAit6AGEpEMMM0bh3EHJJEKTQosyjmJr7i+KXQoSgRJCDjnFAWNpMcAeBBvAAVto1A36KcHwGD2nQCw+Awm4gCfwpAeJw1phgEK5gwQbhtCwhEEZtQrbYNU19NHJ9eP9QzgSxMhHmbGiQ1v9wnFqdpf+ABkjEuFoWA9bgBimAWHH6ANeGBteABC2XBjztn/9QqwgLzmw9K3vEqwPRBkpkDMoHavXXPI1Ti6DWBkP4DUwkVTFwC6r1AF17N1pd2Lf9D0gA2QWhZXzWtA+ABTEwDmhQpd1w1mnwrwMRrQNhBkNMyxfNNVnXOgVBOW4LxXXDRL8VZ5ZQN9v/yrgLCWgBcAPnGAMaJgEpoGEOWW1IJFUcFgDjgAVS5VVTDcvPYAbgPJID0T2n0AGiptTIg7ljyIj6dmHaDQ+rhlqwLRBakJ8DIQFM5WRekzL0qWHyzWEPIAHWgGi6yQkBwJAg/g9aXasT7dwDQbSiBBOedAn0AGfQVpU70AbNYzVtAwHJMwH0iVIPUHlAOEKVqV0Z22cyia9LZAmpdkaIlAITkDKJ/eF89lv86Q9ngLB7PMtunQ++kGbjeW9nCAGp3YvqV6q/pzLfEAB9Zs8DEVkSAA9oADIPEAfqFwNRdQ9lHgPK+g3wEAPDR97JiwUaxmKSoF4aEKyybBAI8g83/0rixEAM/zik7ikQrxMGvHiE00NY202nd+PWE9AGZrcyJyi0/zABE6Bh5WcJ3zABmuoFv/2naYANPGCTNmADxSPRq/ADN1zLTYANSRaKcUAMliebIvMJoAYOrwMLK8NElpBobrNq7RWcLvNbD+BU0vC+nGCJN6CGQpsClvC2GiB3ElClDXkMx5AG1tZyEWkQcXAMLgB/VpABzCIHIaUBiuc2RONa4ifjJ/ddwMdB99B/BdEwqzQQ45afeV6G0lAO47AFhECEdh4DK0ACWRAHsBAHMSAOmSDPBzBwx72aJgANJvAC4JwO4Dx7BDEPPvwNyf42TABe0gABBMAIjAC0Av8pUgqzBSvZkAfxYCTkbLY2ASnwDVmwzs1wAzcQAC1eh+UgDsccDSygCP8pB/YjCNo8YxKNa4d+yQdhUuYYB8JnZIrpNYnGeAdRF1t7siMIOfUJDm2ghvdQDilADPFgdvcwDkUACedQArxADiWgCFqAAhmQwa25DiYABEMsfwShCIPcck5Fa0wUWCRwBBG2560W6v/wyPzsNwTBBsuwtT5ARNnlkBMgDmzwAOCQBQRwDwGwVJN3aBLgA/ZwAgUABi6wWVpACu+wDnNACSbgD9iwCXt8DBQgAIP8sh4pDn/gcPn6D8MXgjF3ELL2Dy5TBOQw/QHLyeFQmSN03B+mXWL/EAOaewNYUASZUJ/WAA+ZwAIFwA/noAP2EA2YoDvmMAfrELzw8MqN63eITxDjwER1BxD//n278e/evzgCFS4UJ7ChQjQCM5H7V8SityIRQonhKOEBlhQpxGSC5/GBhG4cw13TEk5JASouitUJN6OXGx481v3zt67Xw4WKBKIIJ1TginILY/xL+k+aNISWmE6YsHBhAIXwFIYK9a9rhH/eMnX71+3jgwcpzo5LiyaTN3JxR+wip8SHjExIfvSqscTfkhoPevVawpTQPwP/WiksZqpOHV4oji1E+8DLP04rmq0QiOXBv88pJFgV+FmgN4wCfdQRUEdGPQFe0ajr1g2NaATcuN3+YzPCQVxyq8NpRFH2H5J/2GbMQP7vmr84CeGQVsi6eJNwAhVll3hai8Jw2esJBLvw978RCtP/W3ZOISRyj334KDLfYh1ykOzxO2cP0rJlRiCnmH/iU4KXx/5hQSFesvqnjoAAADs='),
(5, 'S0000005', 'Iris', 'Krantz', 'Oude Hoevenweg 127', '7671 PJ', 'Vriezenveen', 'Vrouw', '1992-11-19', 'Iris-krantz23@hotmail.com', NULL),
(6, 'S0000006', 'Gilberta', 'Reinder', 'Waterfront 95', '8253 ZB', 'Dronten', 'Vrouw', '1989-07-28', 'Gilberta3589@live.nl', NULL),
(7, 'S0000007', 'Mia', 'Drees', 'Ijseldijk 119', '8196 KD', 'Welsum', 'Vrouw', '1992-03-06', 'Miadrees@hotmail.com', NULL),
(8, 'S0000008', 'Else', 'Rademakers', 'Frankrijklaan 156', '2391 PX', 'Hazerswoude Dorp', 'Vrouw', '1990-11-05', 'Else_vlinders@msn.com', NULL),
(9, 'S0000009', 'Alex', 'Pander', 'Roggebotweg 54', '8251 PS', 'Dronten', 'Man', '1993-01-12', 'Alex-Pander@hotmail.com', NULL),
(10, 'S0000010', 'Hanna', 'Eerkens', 'Bellevoysstraat 143', '3021 TG', 'Rotterdam', 'Vrouw', '1991-06-09', 'Hanna9658463@hotmail.com', NULL),

-- --------------------------------------------------------

--
-- Tabelstructuur voor tabel `user`
--

CREATE TABLE IF NOT EXISTS `user` (
  `user_id` int(11) NOT NULL AUTO_INCREMENT,
  `username` varchar(45) DEFAULT NULL,
  `password` varchar(32) DEFAULT NULL,
  `salt` varchar(32) DEFAULT NULL,
  `activation` varchar(32) DEFAULT NULL,
  `email` varchar(255) DEFAULT NULL,
  `role` tinyint(4) DEFAULT NULL,
  `studentid` int(11) DEFAULT NULL,
  PRIMARY KEY (`user_id`),
  KEY `fk_user_student1` (`studentid`)
) ENGINE=InnoDB  DEFAULT CHARSET=utf8 AUTO_INCREMENT=6 ;

--
-- Gegevens worden uitgevoerd voor tabel `user`
--

INSERT INTO `user` (`user_id`, `username`, `password`, `salt`, `activation`, `email`, `role`, `studentid`) VALUES
(1, 'orion', '4df3c3f68fcc83b27e9d42c90431a724', NULL, NULL, NULL, NULL, 1),
(2, 'test', '4df3c3f68fcc83b27e9d42c90431a724', NULL, NULL, NULL, NULL, 2),
(3, 'test2', '4df3c3f68fcc83b27e9d42c90431a724', NULL, NULL, NULL, NULL, 3),
(4, 'orion538', 'ada5ef9162a4f446e033639b33fa4775', 'JthUPsyMZHcSK9h7doDwNfpa6JQUkNbe', 'rjKLqa8SVrIzq2DgrmrRMGQDOfvXDl5n', 'hans-jurgenbakkenes@hotmail.com', 1, 11),
(5, 'blackeagle', '29f05a277b09b11f25ceb5434a667626', 'EW7a4QQmbUOlsvXEqtPGImBmu3ngT1Pa', 'jKomI8s0qeDOHx54jvgN69kKOIJIvi6A', 'bakkenes.hans.jurgen@gmal.com', 0, 12);

-- --------------------------------------------------------

--
-- Tabelstructuur voor tabel `vereniging`
--

CREATE TABLE IF NOT EXISTS `vereniging` (
  `verenigingid` int(11) NOT NULL AUTO_INCREMENT,
  `naam` varchar(45) NOT NULL,
  `adres` varchar(45) NOT NULL,
  `postcode` varchar(45) NOT NULL,
  `plaats` varchar(45) NOT NULL,
  `aantaleigenleden` varchar(45) DEFAULT NULL,
  `kvk` varchar(45) DEFAULT NULL,
  `contactpersoon` varchar(45) NOT NULL,
  `telefoonnr` varchar(45) DEFAULT NULL,
  `emailadres` varchar(45) NOT NULL,
  PRIMARY KEY (`verenigingid`)
) ENGINE=InnoDB  DEFAULT CHARSET=utf8 AUTO_INCREMENT=5 ;

--
-- Gegevens worden uitgevoerd voor tabel `vereniging`
--

INSERT INTO `vereniging` (`verenigingid`, `naam`, `adres`, `postcode`, `plaats`, `aantaleigenleden`, `kvk`, `contactpersoon`, `telefoonnr`, `emailadres`) VALUES
(1, 'Wandel Vereniging', 'Puntkroos 115', '8043 NV', 'Zwolle', '3', '987654321', 'Melis Brandenburg', '06-95658239', 'info@wandel.nl'),
(2, 'Eureka', 'Assendroperplein 9', '8012 TW', 'Zwolle', '1', '321456987', 'Brigitte Beurskens', '06-93060779', 'info@eureka.nl'),
(3, 'De Buitensocieteit', 'Stationsweg 44', '8011 CZ', 'Zwolle', '2', '123456789', 'Fleurine de Kleijn', '0384227969', 'info@biosagenda.nl'),
(4, 'Gumbo Millennium', 'Campus 2', '8017 CA', 'Zwolle', '4', '123456987', 'Pietje Puk', '06-77668367', 'info@gumbo-millennium.nl');

--
-- Beperkingen voor gedumpte tabellen
--

--
-- Beperkingen voor tabel `aanmelding`
--
ALTER TABLE `aanmelding`
  ADD CONSTRAINT `fk_Aanmelding_Evenement1` FOREIGN KEY (`evenementid`) REFERENCES `evenement` (`evenementid`) ON DELETE NO ACTION ON UPDATE NO ACTION,
  ADD CONSTRAINT `fk_Aanmelding_Student1` FOREIGN KEY (`studentid`) REFERENCES `student` (`studentid`) ON DELETE NO ACTION ON UPDATE NO ACTION;

--
-- Beperkingen voor tabel `bericht`
--
ALTER TABLE `bericht`
  ADD CONSTRAINT `fk_bericht_groep1` FOREIGN KEY (`groepid`) REFERENCES `groep` (`groepid`) ON DELETE NO ACTION ON UPDATE NO ACTION,
  ADD CONSTRAINT `fk_bericht_student1` FOREIGN KEY (`van`) REFERENCES `student` (`studentid`) ON DELETE NO ACTION ON UPDATE NO ACTION,
  ADD CONSTRAINT `fk_bericht_student2` FOREIGN KEY (`naar`) REFERENCES `student` (`studentid`) ON DELETE NO ACTION ON UPDATE NO ACTION;

--
-- Beperkingen voor tabel `evenement`
--
ALTER TABLE `evenement`
  ADD CONSTRAINT `fk_Evenement_Categorie1` FOREIGN KEY (`categorieid`) REFERENCES `categorie` (`categorieid`) ON DELETE NO ACTION ON UPDATE NO ACTION,
  ADD CONSTRAINT `fk_Evenement_Vereniging1` FOREIGN KEY (`organiserendeverenigingid`) REFERENCES `vereniging` (`verenigingid`) ON DELETE NO ACTION ON UPDATE NO ACTION;

--
-- Beperkingen voor tabel `groep`
--
ALTER TABLE `groep`
  ADD CONSTRAINT `fk_groep_student1` FOREIGN KEY (`eigenaar`) REFERENCES `student` (`studentid`) ON DELETE NO ACTION ON UPDATE NO ACTION;

--
-- Beperkingen voor tabel `groeplid`
--
ALTER TABLE `groeplid`
  ADD CONSTRAINT `fk_groeplid_groep1` FOREIGN KEY (`groepid`) REFERENCES `groep` (`groepid`) ON DELETE NO ACTION ON UPDATE NO ACTION,
  ADD CONSTRAINT `fk_groeplid_student1` FOREIGN KEY (`studentid`) REFERENCES `student` (`studentid`) ON DELETE NO ACTION ON UPDATE NO ACTION;

--
-- Beperkingen voor tabel `lidmaatschap`
--
ALTER TABLE `lidmaatschap`
  ADD CONSTRAINT `fk_Lidmaatschap_Student1` FOREIGN KEY (`studentid`) REFERENCES `student` (`studentid`) ON DELETE NO ACTION ON UPDATE NO ACTION,
  ADD CONSTRAINT `fk_Lidmaatschap_Vereniging` FOREIGN KEY (`verenigingid`) REFERENCES `vereniging` (`verenigingid`) ON DELETE NO ACTION ON UPDATE NO ACTION;

--
-- Beperkingen voor tabel `profielbericht`
--
ALTER TABLE `profielbericht`
  ADD CONSTRAINT `fk_Profielbericht_Student1` FOREIGN KEY (`studentid`) REFERENCES `student` (`studentid`) ON DELETE NO ACTION ON UPDATE NO ACTION,
  ADD CONSTRAINT `fk_profielbericht_student_afzender` FOREIGN KEY (`afzender`) REFERENCES `student` (`studentid`) ON DELETE NO ACTION ON UPDATE NO ACTION;

--
-- Beperkingen voor tabel `reactie`
--
ALTER TABLE `reactie`
  ADD CONSTRAINT `fk_Reactie_Evenement1` FOREIGN KEY (`evenementid`) REFERENCES `evenement` (`evenementid`) ON DELETE NO ACTION ON UPDATE NO ACTION,
  ADD CONSTRAINT `fk_reactie_student1` FOREIGN KEY (`afzender_id`) REFERENCES `student` (`studentid`) ON DELETE NO ACTION ON UPDATE NO ACTION;

--
-- Beperkingen voor tabel `user`
--
ALTER TABLE `user`
  ADD CONSTRAINT `fk_user_student1` FOREIGN KEY (`studentid`) REFERENCES `student` (`studentid`) ON DELETE NO ACTION ON UPDATE NO ACTION;

/*!40101 SET CHARACTER_SET_CLIENT=@OLD_CHARACTER_SET_CLIENT */;
/*!40101 SET CHARACTER_SET_RESULTS=@OLD_CHARACTER_SET_RESULTS */;
/*!40101 SET COLLATION_CONNECTION=@OLD_COLLATION_CONNECTION */;
